x0,y0,z0,x1,y1,z1,x2,y2,z2,x3,y3,z3,x4,y4,z4,x5,y5,z5,x6,y6,z6,x7,y7,z7,x8,y8,z8,x9,y9,z9,x10,y10,z10,x11,y11,z11,x12,y12,z12,x13,y13,z13,x14,y14,z14,x15,y15,z15,x16,y16,z16,x17,y17,z17,x18,y18,z18,x19,y19,z19,x20,y20,z20,label
0.2354702651500702,0.5893267393112183,-3.7653293816219957e-07,0.2827591896057129,0.583253026008606,-0.021644696593284607,0.33088260889053345,0.4995517134666443,-0.028948089107871056,0.3482193052768707,0.413963258266449,-0.03419337421655655,0.3611384332180023,0.35166051983833313,-0.0344214141368866,0.31164786219596863,0.37611716985702515,-0.026786383241415024,0.3340432643890381,0.32007452845573425,-0.051179368048906326,0.3220500648021698,0.411414235830307,-0.053236767649650574,0.30797332525253296,0.4537995457649231,-0.050535157322883606,0.270751416683197,0.3681243062019348,-0.027848869562149048,0.29468080401420593,0.3367978632450104,-0.06080939620733261,0.2852681279182434,0.4484725892543793,-0.06332729756832123,0.2756965756416321,0.47713154554367065,-0.05888642743229866,0.2317374050617218,0.3773377537727356,-0.03200674429535866,0.25212061405181885,0.3638596832752228,-0.06944549083709717,0.2472652643918991,0.4675801992416382,-0.06193852052092552,0.2400774359703064,0.48799166083335876,-0.048909857869148254,0.19199874997138977,0.3934983015060425,-0.036727629601955414,0.2111552655696869,0.3867990970611572,-0.06204070523381233,0.21531090140342712,0.45873528718948364,-0.055914461612701416,0.21210017800331116,0.47500622272491455,-0.04649101197719574,A
0.8213626742362976,0.6309001445770264,-5.935950753155339e-07,0.7539515495300293,0.6079108715057373,-0.03061475232243538,0.6929623484611511,0.5240894556045532,-0.045044586062431335,0.6627861261367798,0.43799328804016113,-0.056702375411987305,0.6489893198013306,0.3595421016216278,-0.061472054570913315,0.7088052034378052,0.3577668070793152,-0.01623472571372986,0.6818763613700867,0.3549731969833374,-0.05091547966003418,0.706089973449707,0.4467449486255646,-0.06864146143198013,0.7261796593666077,0.5030959248542786,-0.07572701573371887,0.7519413828849792,0.32798945903778076,-0.014210926368832588,0.7244825959205627,0.3446473181247711,-0.04979436472058296,0.7480800747871399,0.4547339677810669,-0.05676185339689255,0.76604163646698,0.5007337331771851,-0.0539906769990921,0.7962353229522705,0.32238513231277466,-0.01825501024723053,0.7677206993103027,0.34471389651298523,-0.05280247703194618,0.7824522256851196,0.45307719707489014,-0.04349413886666298,0.7960418462753296,0.49633699655532837,-0.029378196224570274,0.8398365378379822,0.3363674283027649,-0.025834959000349045,0.8113154768943787,0.3598763346672058,-0.04888584092259407,0.8126784563064575,0.4391322731971741,-0.04312937706708908,0.8206847310066223,0.46705394983291626,-0.032659828662872314,A
0.8135693073272705,0.6235268115997314,-5.18239687608002e-07,0.7484997510910034,0.6062091588973999,-0.030596448108553886,0.6906459331512451,0.5273150205612183,-0.04490584135055542,0.6636240482330322,0.4391961991786957,-0.05619706213474274,0.6494055986404419,0.362173855304718,-0.06053983420133591,0.7069429755210876,0.3591141104698181,-0.014008723199367523,0.6826100945472717,0.3530244529247284,-0.05052539333701134,0.706394374370575,0.4408387541770935,-0.07043355703353882,0.7261035442352295,0.4994494616985321,-0.07851917296648026,0.7496879696846008,0.3319752514362335,-0.011799611151218414,0.7248458862304688,0.34563779830932617,-0.048455845564603806,0.7472203373908997,0.4526348412036896,-0.057324569672346115,0.7649363875389099,0.4997113049030304,-0.05561303719878197,0.7926626801490784,0.3281634747982025,-0.016053777188062668,0.7679436802864075,0.3485561013221741,-0.052658263593912125,0.7825084924697876,0.4527682662010193,-0.04512505978345871,0.7961815595626831,0.49781742691993713,-0.0313454307615757,0.8366163969039917,0.3434235453605652,-0.023713743314146996,0.8108913898468018,0.3605036735534668,-0.04889848455786705,0.8121346831321716,0.43739306926727295,-0.044449757784605026,0.8199162483215332,0.4666852355003357,-0.03425592556595802,A
0.236379474401474,0.5918573141098022,-3.523062730437232e-07,0.28382131457328796,0.5839036703109741,-0.02286158874630928,0.3315267562866211,0.5057891607284546,-0.031976260244846344,0.35150718688964844,0.42124730348587036,-0.03897140920162201,0.3650057911872864,0.35661768913269043,-0.04070098698139191,0.3121449053287506,0.37841495871543884,-0.027941742911934853,0.3358287215232849,0.32263296842575073,-0.053119055926799774,0.32583004236221313,0.41037166118621826,-0.054302655160427094,0.3109862208366394,0.4547748565673828,-0.050295908004045486,0.2720494568347931,0.36890721321105957,-0.02876116707921028,0.29839080572128296,0.34035852551460266,-0.062226034700870514,0.28843259811401367,0.45322084426879883,-0.06366568058729172,0.27796289324760437,0.4804943799972534,-0.05783866345882416,0.23341602087020874,0.37726518511772156,-0.03281494975090027,0.2556647062301636,0.3635542690753937,-0.07047110050916672,0.25114408135414124,0.4690406322479248,-0.06108631566166878,0.24353408813476562,0.4895143508911133,-0.046411655843257904,0.1927853673696518,0.39455562829971313,-0.037612635642290115,0.21297293901443481,0.3878757953643799,-0.06269925832748413,0.2180776298046112,0.4604472517967224,-0.05519600585103035,0.2150798738002777,0.4763364791870117,-0.044419072568416595,A
0.23402848839759827,0.6065723896026611,-3.476412473446544e-07,0.28319117426872253,0.5992037057876587,-0.022011876106262207,0.33297911286354065,0.513625979423523,-0.030048545449972153,0.3517005741596222,0.42189711332321167,-0.036287084221839905,0.3663899302482605,0.3546745479106903,-0.03676975890994072,0.3116266131401062,0.38868972659111023,-0.026493195444345474,0.33691367506980896,0.3230520784854889,-0.05169084668159485,0.32682812213897705,0.4147491455078125,-0.051929671317338943,0.3109676241874695,0.45830491185188293,-0.04709835723042488,0.27097824215888977,0.38008832931518555,-0.02709055133163929,0.29751795530319214,0.34143415093421936,-0.0591687336564064,0.2875928282737732,0.4537334442138672,-0.05943502113223076,0.27691906690597534,0.47204649448394775,-0.05338272079825401,0.2325146496295929,0.38831984996795654,-0.031080195680260658,0.25599759817123413,0.3621748983860016,-0.06810052692890167,0.25181844830513,0.4698628783226013,-0.05717318132519722,0.24412277340888977,0.4866105020046234,-0.04189026728272438,0.19247210025787354,0.40328532457351685,-0.035833779722452164,0.21479183435440063,0.39052122831344604,-0.060708291828632355,0.22041615843772888,0.4640335440635681,-0.05285990238189697,0.21681493520736694,0.47798866033554077,-0.04213098809123039,A
0.8237542510032654,0.627925455570221,-5.818924364575651e-07,0.7552096843719482,0.6092966198921204,-0.029574312269687653,0.6932747960090637,0.5266720056533813,-0.04243358597159386,0.663811445236206,0.43768855929374695,-0.05253980681300163,0.6494778394699097,0.35817694664001465,-0.05603252723813057,0.7057319283485413,0.35870233178138733,-0.011335768736898899,0.6813081502914429,0.35390955209732056,-0.044705092906951904,0.706550121307373,0.4415643811225891,-0.06339764595031738,0.7276068925857544,0.502349853515625,-0.07116565853357315,0.7492342591285706,0.32900041341781616,-0.009208165109157562,0.7252020835876465,0.3422384560108185,-0.04343950003385544,0.7487052083015442,0.4475366473197937,-0.052632879465818405,0.7670280337333679,0.4993242621421814,-0.051405441015958786,0.7935178875923157,0.32348883152008057,-0.013110349886119366,0.7697181105613708,0.34439244866371155,-0.04726434871554375,0.784346878528595,0.4474011957645416,-0.040396422147750854,0.7974098920822144,0.4962892532348633,-0.02746734395623207,0.838097870349884,0.336858332157135,-0.02038051001727581,0.8132885098457336,0.352701336145401,-0.04405004158616066,0.8134294152259827,0.43107590079307556,-0.039109691977500916,0.8192543387413025,0.46601152420043945,-0.02873232774436474,A
0.23788964748382568,0.5946667194366455,-3.6527444535749964e-07,0.2850196957588196,0.588027834892273,-0.02197324112057686,0.33446386456489563,0.5043621063232422,-0.029940316453576088,0.35592371225357056,0.4162313640117645,-0.035713307559490204,0.36913982033729553,0.34980255365371704,-0.03584291413426399,0.31557726860046387,0.3827292025089264,-0.02781520038843155,0.3396528959274292,0.32414841651916504,-0.0520990714430809,0.3265150487422943,0.41329795122146606,-0.05157671123743057,0.30978924036026,0.45650017261505127,-0.04635126516222954,0.27535998821258545,0.3725096881389618,-0.028665829449892044,0.3003619611263275,0.33842119574546814,-0.060064755380153656,0.2880277931690216,0.452214777469635,-0.060116320848464966,0.2784311771392822,0.47540879249572754,-0.05381571874022484,0.2372133731842041,0.38025423884391785,-0.0326523557305336,0.25907889008522034,0.36205872893333435,-0.06903177499771118,0.25253382325172424,0.46824753284454346,-0.05941301956772804,0.24551229178905487,0.4847278594970703,-0.04507139325141907,0.19769187271595,0.39516139030456543,-0.037319451570510864,0.21823833882808685,0.3900480568408966,-0.061927929520606995,0.22145485877990723,0.46190446615219116,-0.05498344451189041,0.21797825396060944,0.4740927219390869,-0.04491300508379936,A
0.8129469752311707,0.6118127703666687,-5.222217396294582e-07,0.7484151721000671,0.5985450148582458,-0.031132452189922333,0.6896296143531799,0.5235607028007507,-0.04563174396753311,0.6622595191001892,0.4388802647590637,-0.05732089281082153,0.6516380310058594,0.35819944739341736,-0.06291748583316803,0.7071067690849304,0.3604714870452881,-0.014381663873791695,0.6831230521202087,0.3491208851337433,-0.050080616027116776,0.7063700556755066,0.4376182556152344,-0.07055823504924774,0.7270774841308594,0.5006563067436218,-0.07925195246934891,0.7498865127563477,0.3338862955570221,-0.011514333076775074,0.7257715463638306,0.3399321436882019,-0.04731648042798042,0.7476638555526733,0.44635283946990967,-0.05738964304327965,0.7650810480117798,0.5012455582618713,-0.05664724111557007,0.793524980545044,0.3285903334617615,-0.014899729751050472,0.7702015042304993,0.34075573086738586,-0.051468588411808014,0.7838922739028931,0.44537967443466187,-0.04503312706947327,0.7963821887969971,0.49749213457107544,-0.03180944547057152,0.8372408151626587,0.34144413471221924,-0.021537724882364273,0.8136545419692993,0.3535509705543518,-0.04765374958515167,0.8128019571304321,0.4325793981552124,-0.043421611189842224,0.8179858326911926,0.4690418243408203,-0.0331227108836174,A
0.23788964748382568,0.5946667194366455,-3.6527444535749964e-07,0.2850196957588196,0.588027834892273,-0.02197324112057686,0.33446386456489563,0.5043621063232422,-0.029940316453576088,0.35592371225357056,0.4162313640117645,-0.035713307559490204,0.36913982033729553,0.34980255365371704,-0.03584291413426399,0.31557726860046387,0.3827292025089264,-0.02781520038843155,0.3396528959274292,0.32414841651916504,-0.0520990714430809,0.3265150487422943,0.41329795122146606,-0.05157671123743057,0.30978924036026,0.45650017261505127,-0.04635126516222954,0.27535998821258545,0.3725096881389618,-0.028665829449892044,0.3003619611263275,0.33842119574546814,-0.060064755380153656,0.2880277931690216,0.452214777469635,-0.060116320848464966,0.2784311771392822,0.47540879249572754,-0.05381571874022484,0.2372133731842041,0.38025423884391785,-0.0326523557305336,0.25907889008522034,0.36205872893333435,-0.06903177499771118,0.25253382325172424,0.46824753284454346,-0.05941301956772804,0.24551229178905487,0.4847278594970703,-0.04507139325141907,0.19769187271595,0.39516139030456543,-0.037319451570510864,0.21823833882808685,0.3900480568408966,-0.061927929520606995,0.22145485877990723,0.46190446615219116,-0.05498344451189041,0.21797825396060944,0.4740927219390869,-0.04491300508379936,A
0.8129469752311707,0.6118127703666687,-5.222217396294582e-07,0.7484151721000671,0.5985450148582458,-0.031132452189922333,0.6896296143531799,0.5235607028007507,-0.04563174396753311,0.6622595191001892,0.4388802647590637,-0.05732089281082153,0.6516380310058594,0.35819944739341736,-0.06291748583316803,0.7071067690849304,0.3604714870452881,-0.014381663873791695,0.6831230521202087,0.3491208851337433,-0.050080616027116776,0.7063700556755066,0.4376182556152344,-0.07055823504924774,0.7270774841308594,0.5006563067436218,-0.07925195246934891,0.7498865127563477,0.3338862955570221,-0.011514333076775074,0.7257715463638306,0.3399321436882019,-0.04731648042798042,0.7476638555526733,0.44635283946990967,-0.05738964304327965,0.7650810480117798,0.5012455582618713,-0.05664724111557007,0.793524980545044,0.3285903334617615,-0.014899729751050472,0.7702015042304993,0.34075573086738586,-0.051468588411808014,0.7838922739028931,0.44537967443466187,-0.04503312706947327,0.7963821887969971,0.49749213457107544,-0.03180944547057152,0.8372408151626587,0.34144413471221924,-0.021537724882364273,0.8136545419692993,0.3535509705543518,-0.04765374958515167,0.8128019571304321,0.4325793981552124,-0.043421611189842224,0.8179858326911926,0.4690418243408203,-0.0331227108836174,A
0.2382703274488449,0.5884848833084106,-3.3623575745878043e-07,0.2833271026611328,0.5881961584091187,-0.02486342564225197,0.3333839476108551,0.5099700689315796,-0.03426145762205124,0.35518112778663635,0.4208691120147705,-0.04097173735499382,0.3682670593261719,0.3517588675022125,-0.041920870542526245,0.3155694305896759,0.3831421732902527,-0.029945822432637215,0.3410769999027252,0.3240755498409271,-0.05715455487370491,0.3277294933795929,0.41197478771209717,-0.05896347761154175,0.3095513880252838,0.4584718346595764,-0.054670244455337524,0.2755947411060333,0.3708547055721283,-0.029745610430836678,0.300618976354599,0.3398282527923584,-0.06405822187662125,0.2882325351238251,0.45296233892440796,-0.06591007113456726,0.278256893157959,0.47834643721580505,-0.060209546238183975,0.23757115006446838,0.37806791067123413,-0.0331181176006794,0.25965172052383423,0.36656978726387024,-0.07184676826000214,0.2513686418533325,0.47235625982284546,-0.06298542767763138,0.24338582158088684,0.4886268973350525,-0.048455409705638885,0.19804762303829193,0.393250048160553,-0.03742749243974686,0.2190479040145874,0.39553195238113403,-0.06356322020292282,0.22102653980255127,0.467451810836792,-0.0573744960129261,0.2169504314661026,0.47804203629493713,-0.04737590253353119,A
0.8074758052825928,0.5827353000640869,-5.210586095927283e-07,0.7475371956825256,0.5775130987167358,-0.03392849862575531,0.6925631761550903,0.5128028392791748,-0.051387932151556015,0.6649614572525024,0.4402807354927063,-0.06564198434352875,0.6535708904266357,0.36384066939353943,-0.0741211473941803,0.7074751257896423,0.36355170607566833,-0.024386011064052582,0.6841874122619629,0.349307119846344,-0.0623319186270237,0.7068154215812683,0.440888911485672,-0.0812162384390831,0.7264959812164307,0.5051716566085815,-0.08782884478569031,0.7501938343048096,0.3364924490451813,-0.021040985360741615,0.7271576523780823,0.33271121978759766,-0.05985259637236595,0.7485390901565552,0.43860602378845215,-0.06945574283599854,0.7644989490509033,0.49600428342819214,-0.06711938232183456,0.7940564751625061,0.32891958951950073,-0.02370241843163967,0.7739214897155762,0.3399689495563507,-0.06372609734535217,0.7882843613624573,0.44607412815093994,-0.057030342519283295,0.7990298867225647,0.49719682335853577,-0.042224984616041183,0.8377537131309509,0.3377951681613922,-0.029321949928998947,0.8175545334815979,0.35026150941848755,-0.05594832822680473,0.8183677792549133,0.42869722843170166,-0.05043348670005798,0.8227047920227051,0.4637032747268677,-0.03888882324099541,A
0.2363394796848297,0.6115930676460266,-3.599462274905818e-07,0.2837563157081604,0.599510908126831,-0.0229759830981493,0.3313150107860565,0.5113106966018677,-0.032219864428043365,0.35284486413002014,0.42471522092819214,-0.03947027027606964,0.3646279275417328,0.3529255986213684,-0.040945712476968765,0.31157374382019043,0.3909183442592621,-0.03008781000971794,0.3373817801475525,0.3243652582168579,-0.05588941648602486,0.32592031359672546,0.4168667793273926,-0.056391455233097076,0.30885785818099976,0.460713267326355,-0.0515676811337471,0.27167871594429016,0.3828771114349365,-0.03081742860376835,0.2981449067592621,0.3390418291091919,-0.06272325664758682,0.2873300313949585,0.4539180397987366,-0.062389079481363297,0.2755265235900879,0.4767538905143738,-0.05603574961423874,0.2329462170600891,0.39076533913612366,-0.03486279770731926,0.2556244134902954,0.3615308105945587,-0.07087257504463196,0.25081703066825867,0.46938106417655945,-0.05927545949816704,0.24223044514656067,0.48816439509391785,-0.04378727078437805,0.19265860319137573,0.4054516851902008,-0.03983663022518158,0.2145954668521881,0.39032644033432007,-0.0636715516448021,0.21995344758033752,0.46225836873054504,-0.05489836260676384,0.21501117944717407,0.47692182660102844,-0.04370023310184479,A
0.8086159825325012,0.6115252375602722,-5.328126917447662e-07,0.7465022802352905,0.5932969450950623,-0.02993178181350231,0.6924886703491211,0.5182763934135437,-0.04444633424282074,0.6670994758605957,0.4356466829776764,-0.05633799359202385,0.6542167663574219,0.35889068245887756,-0.062118422240018845,0.7081723213195801,0.3617434501647949,-0.015728823840618134,0.6838291883468628,0.34591230750083923,-0.05064640939235687,0.7088232040405273,0.4343298375606537,-0.06843908131122589,0.7283862829208374,0.4978789687156677,-0.07495858520269394,0.7508410811424255,0.33601468801498413,-0.014194641262292862,0.7266054749488831,0.3348592519760132,-0.05251539498567581,0.7509949803352356,0.44422537088394165,-0.062408000230789185,0.76784348487854,0.5007562637329102,-0.06018902361392975,0.7941478490829468,0.3309207558631897,-0.018513429909944534,0.7723122239112854,0.34015053510665894,-0.057825345546007156,0.7880772352218628,0.44661885499954224,-0.05117546394467354,0.8003136515617371,0.4986123740673065,-0.03672413155436516,0.8377390503883362,0.34335950016975403,-0.025639956817030907,0.8164882063865662,0.3529445230960846,-0.05322258174419403,0.8168753981590271,0.43348151445388794,-0.04814973101019859,0.8216004371643066,0.47009938955307007,-0.03669127821922302,A
0.8095495104789734,0.6094452142715454,-5.349738216864353e-07,0.7476152777671814,0.5941390991210938,-0.030778147280216217,0.6908807158470154,0.5191664695739746,-0.04644101485610008,0.6635061502456665,0.4388865828514099,-0.05975460633635521,0.6526994705200195,0.3607649803161621,-0.06721837818622589,0.7059687376022339,0.3646087050437927,-0.018341179937124252,0.6829901933670044,0.3443332612514496,-0.05423087626695633,0.7045884132385254,0.4343656897544861,-0.07241562753915787,0.7248467206954956,0.4972533881664276,-0.07902572304010391,0.7489188313484192,0.33834290504455566,-0.01639954373240471,0.7273941040039062,0.3340739905834198,-0.053744155913591385,0.7488436698913574,0.4420407712459564,-0.0628795176744461,0.7658795118331909,0.49698883295059204,-0.06082456558942795,0.7930710315704346,0.3318912982940674,-0.020355939865112305,0.7729578614234924,0.33659234642982483,-0.05903361737728119,0.7860831022262573,0.4442645311355591,-0.05244196578860283,0.7978000640869141,0.49700796604156494,-0.0381711907684803,0.8367041349411011,0.34241610765457153,-0.027201950550079346,0.8160822987556458,0.3471643328666687,-0.05342702940106392,0.8152667284011841,0.42537569999694824,-0.04834001511335373,0.8195513486862183,0.46259522438049316,-0.037193238735198975,A
0.23896466195583344,0.6036943793296814,-4.1958088559113094e-07,0.2859414219856262,0.5899884700775146,-0.020969511941075325,0.3328288793563843,0.5012919902801514,-0.02994902804493904,0.3530319631099701,0.4147208631038666,-0.03721887245774269,0.36647194623947144,0.35000213980674744,-0.03897297382354736,0.31098684668540955,0.3810376226902008,-0.02974291518330574,0.33475998044013977,0.3178873062133789,-0.05481472611427307,0.32400476932525635,0.4126509428024292,-0.05464641749858856,0.3080419898033142,0.45735907554626465,-0.04972486197948456,0.2700324058532715,0.3735175132751465,-0.03141191601753235,0.2958988845348358,0.33592960238456726,-0.0629468560218811,0.28611984848976135,0.4520530104637146,-0.061693351715803146,0.27538102865219116,0.4747200012207031,-0.054830729961395264,0.23129644989967346,0.38311007618904114,-0.03613181784749031,0.25492388010025024,0.3590610921382904,-0.07156995683908463,0.25162273645401,0.46551403403282166,-0.05979807302355766,0.24354636669158936,0.4823654294013977,-0.04456301033496857,0.1914302259683609,0.4009173512458801,-0.04161081090569496,0.21330048143863678,0.3880518674850464,-0.06489574909210205,0.21955129504203796,0.45972782373428345,-0.05611593276262283,0.21520712971687317,0.47363168001174927,-0.04517994076013565,A
0.8095495104789734,0.6094452142715454,-5.349738216864353e-07,0.7476152777671814,0.5941390991210938,-0.030778147280216217,0.6908807158470154,0.5191664695739746,-0.04644101485610008,0.6635061502456665,0.4388865828514099,-0.05975460633635521,0.6526994705200195,0.3607649803161621,-0.06721837818622589,0.7059687376022339,0.3646087050437927,-0.018341179937124252,0.6829901933670044,0.3443332612514496,-0.05423087626695633,0.7045884132385254,0.4343656897544861,-0.07241562753915787,0.7248467206954956,0.4972533881664276,-0.07902572304010391,0.7489188313484192,0.33834290504455566,-0.01639954373240471,0.7273941040039062,0.3340739905834198,-0.053744155913591385,0.7488436698913574,0.4420407712459564,-0.0628795176744461,0.7658795118331909,0.49698883295059204,-0.06082456558942795,0.7930710315704346,0.3318912982940674,-0.020355939865112305,0.7729578614234924,0.33659234642982483,-0.05903361737728119,0.7860831022262573,0.4442645311355591,-0.05244196578860283,0.7978000640869141,0.49700796604156494,-0.0381711907684803,0.8367041349411011,0.34241610765457153,-0.027201950550079346,0.8160822987556458,0.3471643328666687,-0.05342702940106392,0.8152667284011841,0.42537569999694824,-0.04834001511335373,0.8195513486862183,0.46259522438049316,-0.037193238735198975,A
0.23896466195583344,0.6036943793296814,-4.1958088559113094e-07,0.2859414219856262,0.5899884700775146,-0.020969511941075325,0.3328288793563843,0.5012919902801514,-0.02994902804493904,0.3530319631099701,0.4147208631038666,-0.03721887245774269,0.36647194623947144,0.35000213980674744,-0.03897297382354736,0.31098684668540955,0.3810376226902008,-0.02974291518330574,0.33475998044013977,0.3178873062133789,-0.05481472611427307,0.32400476932525635,0.4126509428024292,-0.05464641749858856,0.3080419898033142,0.45735907554626465,-0.04972486197948456,0.2700324058532715,0.3735175132751465,-0.03141191601753235,0.2958988845348358,0.33592960238456726,-0.0629468560218811,0.28611984848976135,0.4520530104637146,-0.061693351715803146,0.27538102865219116,0.4747200012207031,-0.054830729961395264,0.23129644989967346,0.38311007618904114,-0.03613181784749031,0.25492388010025024,0.3590610921382904,-0.07156995683908463,0.25162273645401,0.46551403403282166,-0.05979807302355766,0.24354636669158936,0.4823654294013977,-0.04456301033496857,0.1914302259683609,0.4009173512458801,-0.04161081090569496,0.21330048143863678,0.3880518674850464,-0.06489574909210205,0.21955129504203796,0.45972782373428345,-0.05611593276262283,0.21520712971687317,0.47363168001174927,-0.04517994076013565,A
0.23524782061576843,0.6033886075019836,-3.862236894747184e-07,0.28417903184890747,0.5938084721565247,-0.020878011360764503,0.3332623541355133,0.5042541027069092,-0.02846674621105194,0.3529396951198578,0.41569966077804565,-0.0342709980905056,0.366149365901947,0.35064253211021423,-0.03448047116398811,0.3119956851005554,0.3802730441093445,-0.02706880122423172,0.3366534113883972,0.31827399134635925,-0.051285795867443085,0.32512328028678894,0.41147875785827637,-0.05147505924105644,0.30886757373809814,0.457032173871994,-0.04697887971997261,0.27108266949653625,0.3720550835132599,-0.028483811765909195,0.29748421907424927,0.33332374691963196,-0.05973473936319351,0.2882111072540283,0.44781386852264404,-0.0599856823682785,0.2779184579849243,0.4755231738090515,-0.05414079502224922,0.23233753442764282,0.3810315430164337,-0.03305128589272499,0.25661012530326843,0.35826268792152405,-0.06842967122793198,0.2529941499233246,0.4651346206665039,-0.058714862912893295,0.24512448906898499,0.48590147495269775,-0.044692423194646835,0.1924375295639038,0.3983269929885864,-0.03836407884955406,0.2151230424642563,0.3888438642024994,-0.06215548515319824,0.21978560090065002,0.4602467119693756,-0.05511518940329552,0.21514640748500824,0.4743134081363678,-0.045354343950748444,A
0.7956314086914062,0.6050071120262146,-4.957872192790092e-07,0.7362962961196899,0.5872068405151367,-0.03176383301615715,0.6850137710571289,0.5157122015953064,-0.04783200845122337,0.6617526412010193,0.4362095594406128,-0.06121143326163292,0.6516115069389343,0.3585266172885895,-0.06895268708467484,0.7053543925285339,0.36390167474746704,-0.019198380410671234,0.6838354468345642,0.3454660475254059,-0.05540405958890915,0.7066329717636108,0.43485015630722046,-0.07443097233772278,0.726006269454956,0.5025408267974854,-0.08150280267000198,0.748593807220459,0.3385011851787567,-0.01672258786857128,0.7270639538764954,0.3320889472961426,-0.05577898398041725,0.7491368055343628,0.4381076395511627,-0.06759893894195557,0.7650176882743835,0.500249445438385,-0.06683972477912903,0.792116641998291,0.3326142132282257,-0.02007318288087845,0.7706999182701111,0.33628660440444946,-0.06002141907811165,0.785957932472229,0.4388557970523834,-0.05644649267196655,0.7980623841285706,0.4966094493865967,-0.04381043091416359,0.8350842595100403,0.34356603026390076,-0.026244714856147766,0.8136793971061707,0.3469460606575012,-0.054911594837903976,0.8142669796943665,0.42226487398147583,-0.0523216538131237,0.8191865086555481,0.4627751111984253,-0.042406272143125534,A
0.8187406063079834,0.6116602420806885,-5.727138727706915e-07,0.7521024942398071,0.5964295864105225,-0.028967922553420067,0.6915750503540039,0.5219181180000305,-0.0436241589486599,0.6637424826622009,0.4353104829788208,-0.05637181177735329,0.6537072658538818,0.35489967465400696,-0.06320401281118393,0.709597110748291,0.366279661655426,-0.013010239228606224,0.6846305131912231,0.3397922217845917,-0.0485493429005146,0.7059596180915833,0.42975300550460815,-0.06719151139259338,0.725814700126648,0.4923059940338135,-0.07404067367315292,0.7520107626914978,0.34276512265205383,-0.011806288734078407,0.7257444262504578,0.3288109004497528,-0.0484631285071373,0.7465274333953857,0.437491238117218,-0.05753551423549652,0.763579249382019,0.49224403500556946,-0.054946981370449066,0.7958805561065674,0.3370400369167328,-0.01665985956788063,0.7711287140846252,0.3352701663970947,-0.05451783165335655,0.7839720845222473,0.4457678198814392,-0.04716114327311516,0.795656144618988,0.49730342626571655,-0.03206869587302208,0.8406617641448975,0.3477288484573364,-0.02426094189286232,0.8145835399627686,0.3473091125488281,-0.049680691212415695,0.8141468167304993,0.4291396737098694,-0.04348372295498848,0.8191314935684204,0.46716371178627014,-0.03130615875124931,A
0.24318064749240875,0.5732451677322388,-3.9320050859714684e-07,0.28805017471313477,0.572191596031189,-0.021480917930603027,0.3366260230541229,0.4912770390510559,-0.02888491190969944,0.35384058952331543,0.4046780467033386,-0.03384193032979965,0.3673124611377716,0.3432484567165375,-0.033683616667985916,0.3184533417224884,0.3716886639595032,-0.02888122946023941,0.3409605920314789,0.3157643675804138,-0.05239703506231308,0.3277197480201721,0.4094995856285095,-0.05293469876050949,0.3114897310733795,0.45605534315109253,-0.048972710967063904,0.27753353118896484,0.3610592186450958,-0.029517747461795807,0.3017827272415161,0.3336542248725891,-0.06089569255709648,0.2910862863063812,0.4467107057571411,-0.062012508511543274,0.28070393204689026,0.47663894295692444,-0.05680438131093979,0.23894599080085754,0.3693137764930725,-0.033003177493810654,0.2598254382610321,0.36183398962020874,-0.0687471330165863,0.2538059949874878,0.4675201177597046,-0.059868477284908295,0.24602121114730835,0.4894096851348877,-0.046249497681856155,0.1994854360818863,0.3857380747795105,-0.037062499672174454,0.21993422508239746,0.3856997489929199,-0.0607919842004776,0.22359390556812286,0.4596632122993469,-0.053733523935079575,0.22018170356750488,0.4765615463256836,-0.04384077712893486,A
0.8187406063079834,0.6116602420806885,-5.727138727706915e-07,0.7521024942398071,0.5964295864105225,-0.028967922553420067,0.6915750503540039,0.5219181180000305,-0.0436241589486599,0.6637424826622009,0.4353104829788208,-0.05637181177735329,0.6537072658538818,0.35489967465400696,-0.06320401281118393,0.709597110748291,0.366279661655426,-0.013010239228606224,0.6846305131912231,0.3397922217845917,-0.0485493429005146,0.7059596180915833,0.42975300550460815,-0.06719151139259338,0.725814700126648,0.4923059940338135,-0.07404067367315292,0.7520107626914978,0.34276512265205383,-0.011806288734078407,0.7257444262504578,0.3288109004497528,-0.0484631285071373,0.7465274333953857,0.437491238117218,-0.05753551423549652,0.763579249382019,0.49224403500556946,-0.054946981370449066,0.7958805561065674,0.3370400369167328,-0.01665985956788063,0.7711287140846252,0.3352701663970947,-0.05451783165335655,0.7839720845222473,0.4457678198814392,-0.04716114327311516,0.795656144618988,0.49730342626571655,-0.03206869587302208,0.8406617641448975,0.3477288484573364,-0.02426094189286232,0.8145835399627686,0.3473091125488281,-0.049680691212415695,0.8141468167304993,0.4291396737098694,-0.04348372295498848,0.8191314935684204,0.46716371178627014,-0.03130615875124931,A
0.24318064749240875,0.5732451677322388,-3.9320050859714684e-07,0.28805017471313477,0.572191596031189,-0.021480917930603027,0.3366260230541229,0.4912770390510559,-0.02888491190969944,0.35384058952331543,0.4046780467033386,-0.03384193032979965,0.3673124611377716,0.3432484567165375,-0.033683616667985916,0.3184533417224884,0.3716886639595032,-0.02888122946023941,0.3409605920314789,0.3157643675804138,-0.05239703506231308,0.3277197480201721,0.4094995856285095,-0.05293469876050949,0.3114897310733795,0.45605534315109253,-0.048972710967063904,0.27753353118896484,0.3610592186450958,-0.029517747461795807,0.3017827272415161,0.3336542248725891,-0.06089569255709648,0.2910862863063812,0.4467107057571411,-0.062012508511543274,0.28070393204689026,0.47663894295692444,-0.05680438131093979,0.23894599080085754,0.3693137764930725,-0.033003177493810654,0.2598254382610321,0.36183398962020874,-0.0687471330165863,0.2538059949874878,0.4675201177597046,-0.059868477284908295,0.24602121114730835,0.4894096851348877,-0.046249497681856155,0.1994854360818863,0.3857380747795105,-0.037062499672174454,0.21993422508239746,0.3856997489929199,-0.0607919842004776,0.22359390556812286,0.4596632122993469,-0.053733523935079575,0.22018170356750488,0.4765615463256836,-0.04384077712893486,A
0.8181710839271545,0.6102722883224487,-6.345860015244398e-07,0.7533793449401855,0.5903774499893188,-0.026743300259113312,0.6928516626358032,0.5119760036468506,-0.04040702059864998,0.6636199951171875,0.42581331729888916,-0.05277314782142639,0.654218316078186,0.34666821360588074,-0.059134725481271744,0.7136104106903076,0.35353654623031616,-0.010047690011560917,0.6818965673446655,0.3314834535121918,-0.04640595614910126,0.7011513113975525,0.4249137043952942,-0.06473790854215622,0.7225053310394287,0.4851332902908325,-0.07098212093114853,0.7553041577339172,0.3324849605560303,-0.00966794602572918,0.721657395362854,0.324052631855011,-0.04661417752504349,0.7410092949867249,0.4332229495048523,-0.054528962820768356,0.7601087093353271,0.4839407205581665,-0.05088811367750168,0.798566997051239,0.3287241756916046,-0.0155275734141469,0.7664346098899841,0.3349386155605316,-0.05358755961060524,0.7793750166893005,0.4472779631614685,-0.045794617384672165,0.7939898371696472,0.49586427211761475,-0.030175980180501938,0.8429334163665771,0.3412707448005676,-0.02406833879649639,0.8098773956298828,0.3452194631099701,-0.048336710780858994,0.8085201978683472,0.4284527897834778,-0.04170018807053566,0.8160686492919922,0.46607446670532227,-0.02920929342508316,A
0.24197669327259064,0.5656186938285828,-4.427625412972702e-07,0.2872645854949951,0.5613611340522766,-0.018633663654327393,0.3356027603149414,0.4822953939437866,-0.026016199961304665,0.3545842468738556,0.4031161665916443,-0.03180031105875969,0.36643725633621216,0.3428163528442383,-0.03291751444339752,0.31636592745780945,0.3643849492073059,-0.028468124568462372,0.3403347432613373,0.3059667646884918,-0.0520256832242012,0.3291141986846924,0.4037214517593384,-0.053646743297576904,0.3129476308822632,0.45449957251548767,-0.05030636489391327,0.2768518924713135,0.3572448194026947,-0.030642647296190262,0.30411556363105774,0.32300037145614624,-0.06109798327088356,0.29493021965026855,0.43781599402427673,-0.061392851173877716,0.2824678122997284,0.4758891463279724,-0.05568939447402954,0.23911383748054504,0.3666439354419708,-0.03546632453799248,0.2628049850463867,0.3538460433483124,-0.06928956508636475,0.258022665977478,0.4604145884513855,-0.05938434973359108,0.24863451719284058,0.4900599420070648,-0.045344751328229904,0.20055848360061646,0.38383498787879944,-0.04079962521791458,0.22335928678512573,0.3773069977760315,-0.06263533234596252,0.22717750072479248,0.44995832443237305,-0.05424948409199715,0.22201907634735107,0.4718661904335022,-0.04375952109694481,A
0.8172734379768372,0.5955759286880493,-6.306469799710612e-07,0.7524771094322205,0.5797955393791199,-0.026985889300704002,0.6943749785423279,0.5032021403312683,-0.03972464054822922,0.6648556590080261,0.4174663722515106,-0.050593920052051544,0.655417799949646,0.33794093132019043,-0.055845800787210464,0.7155866026878357,0.3416931629180908,-0.008260874077677727,0.6793145537376404,0.3277221918106079,-0.04234877973794937,0.6997629404067993,0.4189535081386566,-0.0613984651863575,0.7208870649337769,0.4815268814563751,-0.0685771256685257,0.7554841637611389,0.3223359286785126,-0.006767104379832745,0.7167248725891113,0.3241361081600189,-0.04147923365235329,0.7379009127616882,0.43036821484565735,-0.05077435448765755,0.757110059261322,0.4852053225040436,-0.04819202423095703,0.7970346808433533,0.32167449593544006,-0.0113411545753479,0.758914589881897,0.33703216910362244,-0.04765232279896736,0.7755720615386963,0.44341909885406494,-0.04240557923913002,0.7917934060096741,0.4941762089729309,-0.028574708849191666,0.84000164270401,0.3384265899658203,-0.018494287505745888,0.8012108206748962,0.3498915135860443,-0.044112857431173325,0.804252028465271,0.4303523898124695,-0.03975345194339752,0.8147135376930237,0.47042325139045715,-0.028359150514006615,A
0.25081950426101685,0.48359835147857666,-2.682577360246796e-07,0.2878945469856262,0.4929433763027191,-0.02435559779405594,0.33240628242492676,0.4498104453086853,-0.037421394139528275,0.35255488753318787,0.39391863346099854,-0.04848983883857727,0.3629249632358551,0.33910083770751953,-0.055350638926029205,0.3222215175628662,0.3476128578186035,-0.03643564134836197,0.3435564935207367,0.3120725154876709,-0.06731852144002914,0.33368903398513794,0.40128642320632935,-0.0766022652387619,0.31569820642471313,0.4533197581768036,-0.07701584696769714,0.28373488783836365,0.336956650018692,-0.03753482550382614,0.30450430512428284,0.3269254267215729,-0.0730639398097992,0.29965177178382874,0.43148505687713623,-0.07715179771184921,0.28860610723495483,0.4745059013366699,-0.0729387030005455,0.24820545315742493,0.3464410901069641,-0.042005207389593124,0.2642040252685547,0.34622183442115784,-0.07824110984802246,0.2624388337135315,0.4426667094230652,-0.06951216608285904,0.2546311020851135,0.4796575903892517,-0.055289678275585175,0.21483822166919708,0.3669796884059906,-0.047937385737895966,0.22955471277236938,0.382599413394928,-0.07259007543325424,0.23281538486480713,0.4447782635688782,-0.06649982184171677,0.22839312255382538,0.4672413766384125,-0.05638653039932251,A
0.8172734379768372,0.5955759286880493,-6.306469799710612e-07,0.7524771094322205,0.5797955393791199,-0.026985889300704002,0.6943749785423279,0.5032021403312683,-0.03972464054822922,0.6648556590080261,0.4174663722515106,-0.050593920052051544,0.655417799949646,0.33794093132019043,-0.055845800787210464,0.7155866026878357,0.3416931629180908,-0.008260874077677727,0.6793145537376404,0.3277221918106079,-0.04234877973794937,0.6997629404067993,0.4189535081386566,-0.0613984651863575,0.7208870649337769,0.4815268814563751,-0.0685771256685257,0.7554841637611389,0.3223359286785126,-0.006767104379832745,0.7167248725891113,0.3241361081600189,-0.04147923365235329,0.7379009127616882,0.43036821484565735,-0.05077435448765755,0.757110059261322,0.4852053225040436,-0.04819202423095703,0.7970346808433533,0.32167449593544006,-0.0113411545753479,0.758914589881897,0.33703216910362244,-0.04765232279896736,0.7755720615386963,0.44341909885406494,-0.04240557923913002,0.7917934060096741,0.4941762089729309,-0.028574708849191666,0.84000164270401,0.3384265899658203,-0.018494287505745888,0.8012108206748962,0.3498915135860443,-0.044112857431173325,0.804252028465271,0.4303523898124695,-0.03975345194339752,0.8147135376930237,0.47042325139045715,-0.028359150514006615,A
0.25081950426101685,0.48359835147857666,-2.682577360246796e-07,0.2878945469856262,0.4929433763027191,-0.02435559779405594,0.33240628242492676,0.4498104453086853,-0.037421394139528275,0.35255488753318787,0.39391863346099854,-0.04848983883857727,0.3629249632358551,0.33910083770751953,-0.055350638926029205,0.3222215175628662,0.3476128578186035,-0.03643564134836197,0.3435564935207367,0.3120725154876709,-0.06731852144002914,0.33368903398513794,0.40128642320632935,-0.0766022652387619,0.31569820642471313,0.4533197581768036,-0.07701584696769714,0.28373488783836365,0.336956650018692,-0.03753482550382614,0.30450430512428284,0.3269254267215729,-0.0730639398097992,0.29965177178382874,0.43148505687713623,-0.07715179771184921,0.28860610723495483,0.4745059013366699,-0.0729387030005455,0.24820545315742493,0.3464410901069641,-0.042005207389593124,0.2642040252685547,0.34622183442115784,-0.07824110984802246,0.2624388337135315,0.4426667094230652,-0.06951216608285904,0.2546311020851135,0.4796575903892517,-0.055289678275585175,0.21483822166919708,0.3669796884059906,-0.047937385737895966,0.22955471277236938,0.382599413394928,-0.07259007543325424,0.23281538486480713,0.4447782635688782,-0.06649982184171677,0.22839312255382538,0.4672413766384125,-0.05638653039932251,A
0.19790354371070862,0.6629456877708435,-2.3173062402293e-07,0.2630656659603119,0.5981528162956238,-0.019831158220767975,0.30260246992111206,0.5001829266548157,-0.037740323692560196,0.3242519199848175,0.4178462624549866,-0.05504758656024933,0.33606094121932983,0.3399054706096649,-0.06627092510461807,0.2583507299423218,0.34061169624328613,-0.042005542665719986,0.31840455532073975,0.3595463037490845,-0.07620852440595627,0.31876927614212036,0.45945173501968384,-0.08528648316860199,0.30518078804016113,0.4980338513851166,-0.08712077140808105,0.22004714608192444,0.3469531536102295,-0.048144105821847916,0.2879469692707062,0.4011431336402893,-0.08260756731033325,0.28526362776756287,0.5016316771507263,-0.08380890637636185,0.2704181373119354,0.5205255150794983,-0.08126088231801987,0.18676677346229553,0.383224755525589,-0.05701625347137451,0.2522430419921875,0.45580175518989563,-0.09001447260379791,0.24935108423233032,0.5352802276611328,-0.08136118203401566,0.2325371354818344,0.5381898283958435,-0.07116151601076126,0.15964968502521515,0.434204638004303,-0.06748036295175552,0.21687695384025574,0.49692222476005554,-0.08761703222990036,0.22100867331027985,0.5470877289772034,-0.08234637975692749,0.20602871477603912,0.5429069995880127,-0.07554829865694046,A
0.8711797595024109,0.5979993939399719,-6.60491593862389e-07,0.7931526899337769,0.5688644051551819,-0.02856217883527279,0.7403163909912109,0.4997406005859375,-0.04711459204554558,0.709297776222229,0.4395556151866913,-0.061990201473236084,0.6810131072998047,0.3853250741958618,-0.07059264928102493,0.7703650593757629,0.29997602105140686,-0.028601890429854393,0.7132691740989685,0.4142730236053467,-0.06030159816145897,0.7322574853897095,0.4882385730743408,-0.0801728367805481,0.7565515041351318,0.482284814119339,-0.09298022091388702,0.8101454973220825,0.2995939552783966,-0.030171265825629234,0.7439278960227966,0.440225213766098,-0.057879284024238586,0.7610856890678406,0.5075225830078125,-0.06403496116399765,0.7817981243133545,0.4939836263656616,-0.0667843371629715,0.8453639149665833,0.3358232080936432,-0.036138541996479034,0.7824589014053345,0.4660451114177704,-0.0617484375834465,0.7962521910667419,0.5262162089347839,-0.05273858457803726,0.8133106231689453,0.5112659335136414,-0.04487369582056999,0.8760037422180176,0.38876351714134216,-0.04614466056227684,0.8286076188087463,0.4951919913291931,-0.06457595527172089,0.8354464173316956,0.5342458486557007,-0.060990408062934875,0.8495223522186279,0.5176126956939697,-0.05466723442077637,A
0.19790354371070862,0.6629456877708435,-2.3173062402293e-07,0.2630656659603119,0.5981528162956238,-0.019831158220767975,0.30260246992111206,0.5001829266548157,-0.037740323692560196,0.3242519199848175,0.4178462624549866,-0.05504758656024933,0.33606094121932983,0.3399054706096649,-0.06627092510461807,0.2583507299423218,0.34061169624328613,-0.042005542665719986,0.31840455532073975,0.3595463037490845,-0.07620852440595627,0.31876927614212036,0.45945173501968384,-0.08528648316860199,0.30518078804016113,0.4980338513851166,-0.08712077140808105,0.22004714608192444,0.3469531536102295,-0.048144105821847916,0.2879469692707062,0.4011431336402893,-0.08260756731033325,0.28526362776756287,0.5016316771507263,-0.08380890637636185,0.2704181373119354,0.5205255150794983,-0.08126088231801987,0.18676677346229553,0.383224755525589,-0.05701625347137451,0.2522430419921875,0.45580175518989563,-0.09001447260379791,0.24935108423233032,0.5352802276611328,-0.08136118203401566,0.2325371354818344,0.5381898283958435,-0.07116151601076126,0.15964968502521515,0.434204638004303,-0.06748036295175552,0.21687695384025574,0.49692222476005554,-0.08761703222990036,0.22100867331027985,0.5470877289772034,-0.08234637975692749,0.20602871477603912,0.5429069995880127,-0.07554829865694046,A
0.8711797595024109,0.5979993939399719,-6.60491593862389e-07,0.7931526899337769,0.5688644051551819,-0.02856217883527279,0.7403163909912109,0.4997406005859375,-0.04711459204554558,0.709297776222229,0.4395556151866913,-0.061990201473236084,0.6810131072998047,0.3853250741958618,-0.07059264928102493,0.7703650593757629,0.29997602105140686,-0.028601890429854393,0.7132691740989685,0.4142730236053467,-0.06030159816145897,0.7322574853897095,0.4882385730743408,-0.0801728367805481,0.7565515041351318,0.482284814119339,-0.09298022091388702,0.8101454973220825,0.2995939552783966,-0.030171265825629234,0.7439278960227966,0.440225213766098,-0.057879284024238586,0.7610856890678406,0.5075225830078125,-0.06403496116399765,0.7817981243133545,0.4939836263656616,-0.0667843371629715,0.8453639149665833,0.3358232080936432,-0.036138541996479034,0.7824589014053345,0.4660451114177704,-0.0617484375834465,0.7962521910667419,0.5262162089347839,-0.05273858457803726,0.8133106231689453,0.5112659335136414,-0.04487369582056999,0.8760037422180176,0.38876351714134216,-0.04614466056227684,0.8286076188087463,0.4951919913291931,-0.06457595527172089,0.8354464173316956,0.5342458486557007,-0.060990408062934875,0.8495223522186279,0.5176126956939697,-0.05466723442077637,A
0.8697419762611389,0.5957657098770142,-6.07308095368353e-07,0.8004077672958374,0.5702634453773499,-0.03139272332191467,0.7490803003311157,0.5093218684196472,-0.05222718417644501,0.7175607681274414,0.4574958086013794,-0.06860609352588654,0.6897156238555908,0.40681397914886475,-0.07803038507699966,0.7769697308540344,0.31159868836402893,-0.03458955138921738,0.7228378057479858,0.43206271529197693,-0.06703275442123413,0.7428536415100098,0.49849700927734375,-0.08566491305828094,0.7665279507637024,0.4838901162147522,-0.09749744087457657,0.8183073401451111,0.3120898902416229,-0.03548906370997429,0.7568644285202026,0.457236647605896,-0.06405758112668991,0.7754355669021606,0.5157444477081299,-0.07001639902591705,0.7949243783950806,0.4925278425216675,-0.07258238643407822,0.8559905886650085,0.3483763039112091,-0.0408259816467762,0.7975075840950012,0.4846331775188446,-0.0666474848985672,0.8129388093948364,0.5352245569229126,-0.05719875544309616,0.8298490047454834,0.5125467777252197,-0.0490335151553154,0.8896735310554504,0.40157637000083923,-0.05040673911571503,0.8441129922866821,0.5082715153694153,-0.06951072812080383,0.8522417545318604,0.5385329127311707,-0.06623978912830353,0.8667629957199097,0.5151676535606384,-0.06010974943637848,A
0.1972557008266449,0.65714031457901,-1.6637218891446537e-07,0.2646870017051697,0.5956084728240967,-0.02077372558414936,0.3049665093421936,0.5098874568939209,-0.038978368043899536,0.3247694671154022,0.43780088424682617,-0.05629296228289604,0.3329809606075287,0.36805129051208496,-0.06788771599531174,0.25413987040519714,0.3511999249458313,-0.04217865690588951,0.3136858642101288,0.3882380425930023,-0.07698793709278107,0.3145574927330017,0.4822739362716675,-0.0878363624215126,0.30282384157180786,0.511135458946228,-0.09144361317157745,0.21526563167572021,0.3610837757587433,-0.04837355390191078,0.2822609543800354,0.42548859119415283,-0.08528850227594376,0.2791045904159546,0.517549455165863,-0.08908923715353012,0.26475846767425537,0.525981605052948,-0.08780025690793991,0.18321645259857178,0.3983461856842041,-0.057267408818006516,0.24703627824783325,0.47795557975769043,-0.09247732162475586,0.2430865466594696,0.5486047267913818,-0.08600861579179764,0.2258559614419937,0.5430423617362976,-0.0768461674451828,0.15651461482048035,0.4464246332645416,-0.06776850670576096,0.21259933710098267,0.5127477645874023,-0.08962070941925049,0.21718250215053558,0.5603790879249573,-0.08547671884298325,0.20410358905792236,0.5563815236091614,-0.07907238602638245,A
0.8697419762611389,0.5957657098770142,-6.07308095368353e-07,0.8004077672958374,0.5702634453773499,-0.03139272332191467,0.7490803003311157,0.5093218684196472,-0.05222718417644501,0.7175607681274414,0.4574958086013794,-0.06860609352588654,0.6897156238555908,0.40681397914886475,-0.07803038507699966,0.7769697308540344,0.31159868836402893,-0.03458955138921738,0.7228378057479858,0.43206271529197693,-0.06703275442123413,0.7428536415100098,0.49849700927734375,-0.08566491305828094,0.7665279507637024,0.4838901162147522,-0.09749744087457657,0.8183073401451111,0.3120898902416229,-0.03548906370997429,0.7568644285202026,0.457236647605896,-0.06405758112668991,0.7754355669021606,0.5157444477081299,-0.07001639902591705,0.7949243783950806,0.4925278425216675,-0.07258238643407822,0.8559905886650085,0.3483763039112091,-0.0408259816467762,0.7975075840950012,0.4846331775188446,-0.0666474848985672,0.8129388093948364,0.5352245569229126,-0.05719875544309616,0.8298490047454834,0.5125467777252197,-0.0490335151553154,0.8896735310554504,0.40157637000083923,-0.05040673911571503,0.8441129922866821,0.5082715153694153,-0.06951072812080383,0.8522417545318604,0.5385329127311707,-0.06623978912830353,0.8667629957199097,0.5151676535606384,-0.06010974943637848,A
0.1972557008266449,0.65714031457901,-1.6637218891446537e-07,0.2646870017051697,0.5956084728240967,-0.02077372558414936,0.3049665093421936,0.5098874568939209,-0.038978368043899536,0.3247694671154022,0.43780088424682617,-0.05629296228289604,0.3329809606075287,0.36805129051208496,-0.06788771599531174,0.25413987040519714,0.3511999249458313,-0.04217865690588951,0.3136858642101288,0.3882380425930023,-0.07698793709278107,0.3145574927330017,0.4822739362716675,-0.0878363624215126,0.30282384157180786,0.511135458946228,-0.09144361317157745,0.21526563167572021,0.3610837757587433,-0.04837355390191078,0.2822609543800354,0.42548859119415283,-0.08528850227594376,0.2791045904159546,0.517549455165863,-0.08908923715353012,0.26475846767425537,0.525981605052948,-0.08780025690793991,0.18321645259857178,0.3983461856842041,-0.057267408818006516,0.24703627824783325,0.47795557975769043,-0.09247732162475586,0.2430865466594696,0.5486047267913818,-0.08600861579179764,0.2258559614419937,0.5430423617362976,-0.0768461674451828,0.15651461482048035,0.4464246332645416,-0.06776850670576096,0.21259933710098267,0.5127477645874023,-0.08962070941925049,0.21718250215053558,0.5603790879249573,-0.08547671884298325,0.20410358905792236,0.5563815236091614,-0.07907238602638245,A
0.8771393895149231,0.5781739950180054,-5.904187787564297e-07,0.8076601624488831,0.5611059069633484,-0.03529927134513855,0.7539191842079163,0.5126060843467712,-0.05790917947888374,0.7220640182495117,0.47022929787635803,-0.07466352730989456,0.7056575417518616,0.42141440510749817,-0.08430563658475876,0.7862353324890137,0.31880462169647217,-0.044972825795412064,0.7415494322776794,0.45281893014907837,-0.07596499472856522,0.7580657005310059,0.5126082897186279,-0.09090272337198257,0.7778551578521729,0.4919361472129822,-0.10004151612520218,0.8312773704528809,0.32196658849716187,-0.04332250356674194,0.775039792060852,0.47345155477523804,-0.07232067734003067,0.7887297868728638,0.524978518486023,-0.07589475810527802,0.8058587312698364,0.500214695930481,-0.0764005184173584,0.87111496925354,0.3578000068664551,-0.045601993799209595,0.8158422112464905,0.4993097186088562,-0.07341625541448593,0.8270861506462097,0.5422369241714478,-0.06347803771495819,0.8419784903526306,0.516321063041687,-0.053946562111377716,0.9056288003921509,0.4086775481700897,-0.051944658160209656,0.8617427349090576,0.5197945237159729,-0.07284514605998993,0.8663103580474854,0.5456736087799072,-0.07004784047603607,0.8784849643707275,0.5178050994873047,-0.06383711844682693,A
0.2020777463912964,0.651065468788147,-2.3276055571841425e-07,0.2622107267379761,0.5964421629905701,-0.021848799660801888,0.30328428745269775,0.5084600448608398,-0.03988749161362648,0.32515767216682434,0.43587633967399597,-0.05663903430104256,0.3311607241630554,0.3654192090034485,-0.06779181957244873,0.2508563995361328,0.3504137396812439,-0.042994000017642975,0.3127930760383606,0.3740966320037842,-0.0764750987291336,0.31232312321662903,0.46872538328170776,-0.08704309910535812,0.29946160316467285,0.49793845415115356,-0.09058025479316711,0.21244552731513977,0.3607710301876068,-0.048135124146938324,0.280399352312088,0.4181860685348511,-0.08246184140443802,0.27559736371040344,0.5097758769989014,-0.0862196758389473,0.25846561789512634,0.5172191262245178,-0.08541770279407501,0.17960965633392334,0.4001271426677704,-0.05575292184948921,0.2423442304134369,0.47150102257728577,-0.08865915983915329,0.23862433433532715,0.5450526475906372,-0.08213870227336884,0.22100037336349487,0.5396472215652466,-0.07331926375627518,0.1524311602115631,0.4501643180847168,-0.06486543267965317,0.2056916505098343,0.508327066898346,-0.08437644690275192,0.21117916703224182,0.5544235706329346,-0.07896649837493896,0.19739967584609985,0.5474178791046143,-0.07208849489688873,A
0.8727107048034668,0.6138975620269775,-6.086095254431712e-07,0.8093156218528748,0.5932015180587769,-0.03871225565671921,0.7552029490470886,0.5388404130935669,-0.06349290907382965,0.7239446640014648,0.48890548944473267,-0.08184178173542023,0.7232944965362549,0.44266611337661743,-0.09203872084617615,0.7819743156433105,0.33521777391433716,-0.04619729891419411,0.7527492642402649,0.4514732360839844,-0.07441230863332748,0.763560950756073,0.5194501876831055,-0.08453773707151413,0.7782865166664124,0.5031822323799133,-0.09139851480722427,0.830896258354187,0.33320125937461853,-0.0425691157579422,0.7927621006965637,0.4757630527019501,-0.07127151638269424,0.7989067435264587,0.5385700464248657,-0.07264105975627899,0.8102014660835266,0.517588198184967,-0.07156828045845032,0.8751428723335266,0.3618159890174866,-0.04295458644628525,0.8361296057701111,0.500209629535675,-0.07023311406373978,0.8397571444511414,0.5566598176956177,-0.05812359228730202,0.8493103981018066,0.5328254699707031,-0.0478300116956234,0.9137552976608276,0.4051886200904846,-0.04780777916312218,0.8796756863594055,0.5157461762428284,-0.06692016869783401,0.8811026215553284,0.5545517206192017,-0.06288090348243713,0.8905163407325745,0.5293508768081665,-0.056662172079086304,A
0.1949649602174759,0.6583720445632935,-2.061140946807427e-07,0.2600555717945099,0.608860194683075,-0.024104487150907516,0.30278873443603516,0.514179527759552,-0.04169108718633652,0.31809115409851074,0.4336167275905609,-0.05674195662140846,0.31399255990982056,0.37336641550064087,-0.06687654554843903,0.25468161702156067,0.35785526037216187,-0.045939743518829346,0.30573520064353943,0.3946630656719208,-0.0785328596830368,0.30212023854255676,0.48828020691871643,-0.09102936834096909,0.289963036775589,0.5215358138084412,-0.09655150771141052,0.21224135160446167,0.3667166233062744,-0.04859110713005066,0.2683385908603668,0.43417033553123474,-0.0793621763586998,0.26579734683036804,0.5246586799621582,-0.08120185881853104,0.25277239084243774,0.5414139032363892,-0.08068137615919113,0.1751745492219925,0.40415623784065247,-0.05409007519483566,0.22986124455928802,0.484572172164917,-0.08313576877117157,0.2304026037454605,0.5543789863586426,-0.07672496885061264,0.2179427593946457,0.5563124418258667,-0.06960798054933548,0.1462879776954651,0.45499417185783386,-0.06160964444279671,0.19105759263038635,0.524056077003479,-0.07892582565546036,0.19778969883918762,0.5661462545394897,-0.07581321150064468,0.18923938274383545,0.5588493347167969,-0.07185414433479309,A
0.8727107048034668,0.6138975620269775,-6.086095254431712e-07,0.8093156218528748,0.5932015180587769,-0.03871225565671921,0.7552029490470886,0.5388404130935669,-0.06349290907382965,0.7239446640014648,0.48890548944473267,-0.08184178173542023,0.7232944965362549,0.44266611337661743,-0.09203872084617615,0.7819743156433105,0.33521777391433716,-0.04619729891419411,0.7527492642402649,0.4514732360839844,-0.07441230863332748,0.763560950756073,0.5194501876831055,-0.08453773707151413,0.7782865166664124,0.5031822323799133,-0.09139851480722427,0.830896258354187,0.33320125937461853,-0.0425691157579422,0.7927621006965637,0.4757630527019501,-0.07127151638269424,0.7989067435264587,0.5385700464248657,-0.07264105975627899,0.8102014660835266,0.517588198184967,-0.07156828045845032,0.8751428723335266,0.3618159890174866,-0.04295458644628525,0.8361296057701111,0.500209629535675,-0.07023311406373978,0.8397571444511414,0.5566598176956177,-0.05812359228730202,0.8493103981018066,0.5328254699707031,-0.0478300116956234,0.9137552976608276,0.4051886200904846,-0.04780777916312218,0.8796756863594055,0.5157461762428284,-0.06692016869783401,0.8811026215553284,0.5545517206192017,-0.06288090348243713,0.8905163407325745,0.5293508768081665,-0.056662172079086304,A
0.1949649602174759,0.6583720445632935,-2.061140946807427e-07,0.2600555717945099,0.608860194683075,-0.024104487150907516,0.30278873443603516,0.514179527759552,-0.04169108718633652,0.31809115409851074,0.4336167275905609,-0.05674195662140846,0.31399255990982056,0.37336641550064087,-0.06687654554843903,0.25468161702156067,0.35785526037216187,-0.045939743518829346,0.30573520064353943,0.3946630656719208,-0.0785328596830368,0.30212023854255676,0.48828020691871643,-0.09102936834096909,0.289963036775589,0.5215358138084412,-0.09655150771141052,0.21224135160446167,0.3667166233062744,-0.04859110713005066,0.2683385908603668,0.43417033553123474,-0.0793621763586998,0.26579734683036804,0.5246586799621582,-0.08120185881853104,0.25277239084243774,0.5414139032363892,-0.08068137615919113,0.1751745492219925,0.40415623784065247,-0.05409007519483566,0.22986124455928802,0.484572172164917,-0.08313576877117157,0.2304026037454605,0.5543789863586426,-0.07672496885061264,0.2179427593946457,0.5563124418258667,-0.06960798054933548,0.1462879776954651,0.45499417185783386,-0.06160964444279671,0.19105759263038635,0.524056077003479,-0.07892582565546036,0.19778969883918762,0.5661462545394897,-0.07581321150064468,0.18923938274383545,0.5588493347167969,-0.07185414433479309,A
0.19275781512260437,0.6594542264938354,-1.3255275632673147e-07,0.2577982246875763,0.6143286824226379,-0.030420994386076927,0.3028118312358856,0.5307297706604004,-0.05098797380924225,0.31943708658218384,0.46170616149902344,-0.06772034615278244,0.31022346019744873,0.403324693441391,-0.07929937541484833,0.2523092031478882,0.3711360692977905,-0.050373975187540054,0.29818621277809143,0.42621490359306335,-0.0840039849281311,0.29613593220710754,0.5135957598686218,-0.09795068949460983,0.2834584414958954,0.5309154987335205,-0.10472605377435684,0.20914582908153534,0.37897565960884094,-0.05057666450738907,0.2574857175350189,0.4587162435054779,-0.08237998187541962,0.2573261260986328,0.5480970144271851,-0.08775822073221207,0.24689362943172455,0.5464502573013306,-0.0902331992983818,0.17186519503593445,0.4162921905517578,-0.053549427539110184,0.220042884349823,0.5013633966445923,-0.08469152450561523,0.2229531705379486,0.57232666015625,-0.08013089001178741,0.21178042888641357,0.561435341835022,-0.07414498180150986,0.14227843284606934,0.4647853970527649,-0.05878429487347603,0.18298904597759247,0.5343636274337769,-0.07760527729988098,0.19090166687965393,0.576641321182251,-0.07390769571065903,0.18199118971824646,0.5662074089050293,-0.0692787766456604,A
0.8634073138237,0.6181228160858154,-5.518239163393446e-07,0.8050830364227295,0.5986911058425903,-0.04426393285393715,0.7490944862365723,0.5443820357322693,-0.0730689987540245,0.7173145413398743,0.4992234706878662,-0.09561318904161453,0.7348577380180359,0.46267369389533997,-0.11006760597229004,0.7850382924079895,0.3469464182853699,-0.04976009950041771,0.7612690925598145,0.47304439544677734,-0.08397577702999115,0.7682219743728638,0.5407183766365051,-0.09768157452344894,0.7804203033447266,0.5195767283439636,-0.10653684288263321,0.8356071710586548,0.34387391805648804,-0.045377276837825775,0.8056880235671997,0.49451538920402527,-0.08061309158802032,0.8060169219970703,0.5617872476577759,-0.08320579677820206,0.8158043622970581,0.5295956134796143,-0.08149690926074982,0.8814167380332947,0.3724707365036011,-0.046412546187639236,0.8514955043792725,0.5154057741165161,-0.07946097105741501,0.8459092974662781,0.5735083222389221,-0.06770043820142746,0.8521837592124939,0.5445604920387268,-0.05624778941273689,0.9208115935325623,0.4159541726112366,-0.05259370058774948,0.894608199596405,0.5277076363563538,-0.0744004026055336,0.8870342373847961,0.5693759918212891,-0.07138391584157944,0.8906083106994629,0.5442616939544678,-0.06571069359779358,A
0.20381219685077667,0.6672459840774536,-2.65775241814481e-07,0.2582556903362274,0.6278959512710571,-0.03393317013978958,0.298382043838501,0.548369288444519,-0.05349423363804817,0.3122100234031677,0.4862721562385559,-0.06825907528400421,0.30846142768859863,0.42618051171302795,-0.07786235958337784,0.2472229152917862,0.3805862069129944,-0.049917686730623245,0.28368622064590454,0.43027353286743164,-0.08110469579696655,0.2855108082294464,0.5154579281806946,-0.09408412128686905,0.2747054696083069,0.5288684964179993,-0.1004859134554863,0.20184817910194397,0.3820200562477112,-0.047191645950078964,0.24002939462661743,0.4657672941684723,-0.07618109881877899,0.24417635798454285,0.5550740361213684,-0.08142071962356567,0.2346225082874298,0.547078549861908,-0.08398081362247467,0.16400250792503357,0.41673657298088074,-0.047513723373413086,0.2014542669057846,0.5043379068374634,-0.07605218142271042,0.20985060930252075,0.5755565762519836,-0.07196863740682602,0.2019018828868866,0.5625135898590088,-0.06724940240383148,0.1328185796737671,0.46320629119873047,-0.05059434473514557,0.16261106729507446,0.537004292011261,-0.0688922330737114,0.17351002991199493,0.5833483338356018,-0.06662298738956451,0.1676822304725647,0.5757166743278503,-0.06296832859516144,A
0.8577734231948853,0.6224079132080078,-5.761223746958422e-07,0.804124116897583,0.6041350364685059,-0.04605709761381149,0.748313307762146,0.5487817525863647,-0.07565226405858994,0.7197078466415405,0.5005557537078857,-0.09853566437959671,0.748839259147644,0.4706403613090515,-0.11329405754804611,0.7925293445587158,0.3492581844329834,-0.05182601884007454,0.7749119997024536,0.46601349115371704,-0.08483009040355682,0.7767877578735352,0.5365021228790283,-0.0965438112616539,0.7863361835479736,0.5171623229980469,-0.10391749441623688,0.84386146068573,0.3446665406227112,-0.04592645913362503,0.822221040725708,0.48565810918807983,-0.08059069514274597,0.8152225613594055,0.5565903782844543,-0.08176073431968689,0.8219802379608154,0.5272643566131592,-0.07864289730787277,0.8898934125900269,0.3719457983970642,-0.045526862144470215,0.86705082654953,0.5075510740280151,-0.07936302572488785,0.8554385900497437,0.5670720934867859,-0.06908465921878815,0.8591123223304749,0.5410085320472717,-0.05790029466152191,0.9296326637268066,0.4133188724517822,-0.050083599984645844,0.9090043306350708,0.5163883566856384,-0.07198471575975418,0.8964332938194275,0.5626832246780396,-0.06980065256357193,0.8967750072479248,0.5433968901634216,-0.06444618105888367,A
0.20381219685077667,0.6672459840774536,-2.65775241814481e-07,0.2582556903362274,0.6278959512710571,-0.03393317013978958,0.298382043838501,0.548369288444519,-0.05349423363804817,0.3122100234031677,0.4862721562385559,-0.06825907528400421,0.30846142768859863,0.42618051171302795,-0.07786235958337784,0.2472229152917862,0.3805862069129944,-0.049917686730623245,0.28368622064590454,0.43027353286743164,-0.08110469579696655,0.2855108082294464,0.5154579281806946,-0.09408412128686905,0.2747054696083069,0.5288684964179993,-0.1004859134554863,0.20184817910194397,0.3820200562477112,-0.047191645950078964,0.24002939462661743,0.4657672941684723,-0.07618109881877899,0.24417635798454285,0.5550740361213684,-0.08142071962356567,0.2346225082874298,0.547078549861908,-0.08398081362247467,0.16400250792503357,0.41673657298088074,-0.047513723373413086,0.2014542669057846,0.5043379068374634,-0.07605218142271042,0.20985060930252075,0.5755565762519836,-0.07196863740682602,0.2019018828868866,0.5625135898590088,-0.06724940240383148,0.1328185796737671,0.46320629119873047,-0.05059434473514557,0.16261106729507446,0.537004292011261,-0.0688922330737114,0.17351002991199493,0.5833483338356018,-0.06662298738956451,0.1676822304725647,0.5757166743278503,-0.06296832859516144,A
0.8577734231948853,0.6224079132080078,-5.761223746958422e-07,0.804124116897583,0.6041350364685059,-0.04605709761381149,0.748313307762146,0.5487817525863647,-0.07565226405858994,0.7197078466415405,0.5005557537078857,-0.09853566437959671,0.748839259147644,0.4706403613090515,-0.11329405754804611,0.7925293445587158,0.3492581844329834,-0.05182601884007454,0.7749119997024536,0.46601349115371704,-0.08483009040355682,0.7767877578735352,0.5365021228790283,-0.0965438112616539,0.7863361835479736,0.5171623229980469,-0.10391749441623688,0.84386146068573,0.3446665406227112,-0.04592645913362503,0.822221040725708,0.48565810918807983,-0.08059069514274597,0.8152225613594055,0.5565903782844543,-0.08176073431968689,0.8219802379608154,0.5272643566131592,-0.07864289730787277,0.8898934125900269,0.3719457983970642,-0.045526862144470215,0.86705082654953,0.5075510740280151,-0.07936302572488785,0.8554385900497437,0.5670720934867859,-0.06908465921878815,0.8591123223304749,0.5410085320472717,-0.05790029466152191,0.9296326637268066,0.4133188724517822,-0.050083599984645844,0.9090043306350708,0.5163883566856384,-0.07198471575975418,0.8964332938194275,0.5626832246780396,-0.06980065256357193,0.8967750072479248,0.5433968901634216,-0.06444618105888367,A
0.19828356802463531,0.6799501776695251,-3.323635269225633e-07,0.2454659342765808,0.6415084004402161,-0.027255550026893616,0.28457313776016235,0.5644201636314392,-0.04291832819581032,0.30172210931777954,0.5035087466239929,-0.054402463138103485,0.2982368469238281,0.44332918524742126,-0.061436206102371216,0.24921327829360962,0.3916797935962677,-0.044639475643634796,0.269711434841156,0.43893396854400635,-0.07289394736289978,0.26537370681762695,0.518618643283844,-0.08525081723928452,0.2560650408267975,0.5302087664604187,-0.09149213135242462,0.20507802069187164,0.3879387080669403,-0.04380352050065994,0.22589343786239624,0.4681360125541687,-0.06776780635118484,0.22747300565242767,0.5521988868713379,-0.07109944522380829,0.22238855063915253,0.5480583310127258,-0.0734817162156105,0.16575103998184204,0.4168010354042053,-0.04538031294941902,0.18545573949813843,0.4990871548652649,-0.06852930784225464,0.19141338765621185,0.5666100382804871,-0.06306806951761246,0.18749220669269562,0.5567175149917603,-0.05886084586381912,0.13288794457912445,0.45862874388694763,-0.04940057173371315,0.1474962681531906,0.5251131653785706,-0.06359560787677765,0.15660133957862854,0.571611225605011,-0.05995357409119606,0.15460824966430664,0.566534161567688,-0.05627002194523811,A
0.8530552387237549,0.6325371265411377,-6.157330290079699e-07,0.8026990294456482,0.6116373538970947,-0.045915957540273666,0.752857506275177,0.5488569140434265,-0.07344463467597961,0.7300363779067993,0.4969661235809326,-0.09379434585571289,0.7616812586784363,0.4640592038631439,-0.10572239756584167,0.79571932554245,0.3472624719142914,-0.04734528809785843,0.7908249497413635,0.456291526556015,-0.07796166837215424,0.7876684069633484,0.5305119156837463,-0.08881200104951859,0.7891015410423279,0.5114940404891968,-0.09651792049407959,0.8462285399436951,0.3385341167449951,-0.041159313172101974,0.8378908038139343,0.4750893712043762,-0.07538789510726929,0.826774001121521,0.5551642179489136,-0.07774423807859421,0.8271179795265198,0.5248540043830872,-0.07550004124641418,0.8920181393623352,0.3635278046131134,-0.04054376110434532,0.8827959895133972,0.49848055839538574,-0.07354453206062317,0.8649938702583313,0.5651022791862488,-0.06375768035650253,0.8607447147369385,0.5343443155288696,-0.05347136780619621,0.9310391545295715,0.404413640499115,-0.04492126777768135,0.9188882112503052,0.5097091197967529,-0.06709494441747665,0.9034714698791504,0.563226044178009,-0.06519944220781326,0.8990628719329834,0.5420620441436768,-0.06034257262945175,A
0.1800977736711502,0.6904565691947937,-2.476990061950346e-07,0.23050980269908905,0.6526599526405334,-0.031116316094994545,0.2727859616279602,0.580304741859436,-0.048451267182826996,0.29009538888931274,0.5136839151382446,-0.060933277010917664,0.2935457229614258,0.44963088631629944,-0.06761831045150757,0.24693354964256287,0.4032306969165802,-0.04426543414592743,0.25686949491500854,0.437783420085907,-0.07283127307891846,0.2505882680416107,0.5167034268379211,-0.08395429700613022,0.24559666216373444,0.5249696969985962,-0.08957450091838837,0.20666076242923737,0.3907523453235626,-0.0413784421980381,0.21449673175811768,0.45972195267677307,-0.06753487884998322,0.21485212445259094,0.546992838382721,-0.07106918096542358,0.2163260132074356,0.5400734543800354,-0.0732409805059433,0.16864168643951416,0.4099142849445343,-0.04151375591754913,0.17624282836914062,0.48473143577575684,-0.06725816428661346,0.18026435375213623,0.5545311570167542,-0.061732884496450424,0.18194428086280823,0.540365993976593,-0.05715958774089813,0.1352854073047638,0.44305819272994995,-0.044374823570251465,0.14004471898078918,0.5094860196113586,-0.061401911079883575,0.14707741141319275,0.556425929069519,-0.059389013797044754,0.1479116976261139,0.5450498461723328,-0.05661480128765106,A
0.8462274074554443,0.632996678352356,-5.878008551007952e-07,0.7971106171607971,0.6162430047988892,-0.050151754170656204,0.7488809823989868,0.5499767661094666,-0.07892122864723206,0.7296674847602844,0.4957057237625122,-0.0998757854104042,0.7617712616920471,0.45581620931625366,-0.1116093322634697,0.7927883863449097,0.34738633036613464,-0.048489559441804886,0.7952390313148499,0.45494717359542847,-0.08008796721696854,0.7917896509170532,0.5287601947784424,-0.08994936943054199,0.7920591235160828,0.5095041990280151,-0.09650567919015884,0.8421629071235657,0.33753353357315063,-0.04011927917599678,0.8438788056373596,0.4651930630207062,-0.07608401030302048,0.830539882183075,0.5477379560470581,-0.07735446840524673,0.8296214938163757,0.5147218704223633,-0.07370522618293762,0.8867763876914978,0.3609639108181,-0.03809395059943199,0.8865075707435608,0.4811595380306244,-0.0729575827717781,0.8674806952476501,0.5488606095314026,-0.06260152161121368,0.862289309501648,0.5188995599746704,-0.051123104989528656,0.9252097606658936,0.3985599875450134,-0.041444309055805206,0.9231085777282715,0.484591007232666,-0.06495053321123123,0.9075073599815369,0.5350865125656128,-0.06341872364282608,0.901245653629303,0.5139421820640564,-0.058304108679294586,A
0.8451427221298218,0.6440062522888184,-5.953099275757268e-07,0.7932179570198059,0.622118353843689,-0.05380496755242348,0.7426379323005676,0.5591399669647217,-0.08638127893209457,0.7281670570373535,0.49659618735313416,-0.10969258844852448,0.761962354183197,0.4549609124660492,-0.12310459464788437,0.7827043533325195,0.34950754046440125,-0.06087258830666542,0.7880797982215881,0.4396810531616211,-0.08889014273881912,0.7872905731201172,0.5200179219245911,-0.09279996156692505,0.7850890159606934,0.5101286172866821,-0.09527608007192612,0.8343330025672913,0.3364158272743225,-0.05033347010612488,0.8396448493003845,0.45376861095428467,-0.08199315518140793,0.8278512954711914,0.5382739305496216,-0.08093354105949402,0.8232508301734924,0.5108180046081543,-0.07744694501161575,0.8803640007972717,0.3580780625343323,-0.044922251254320145,0.8834396600723267,0.47016870975494385,-0.07769966125488281,0.8645374774932861,0.5405263304710388,-0.0683048740029335,0.8550714254379272,0.5155391693115234,-0.058694254606962204,0.9197824001312256,0.39604103565216064,-0.04453524202108383,0.9209222197532654,0.4709484577178955,-0.06778249144554138,0.9061749577522278,0.5261050462722778,-0.06605884432792664,0.8970760703086853,0.5115658044815063,-0.06119610369205475,A
0.17259036004543304,0.6822494268417358,-2.5746575715857034e-07,0.2260422557592392,0.6503617763519287,-0.033064890652894974,0.2731951177120209,0.5747244954109192,-0.04935777187347412,0.2931671738624573,0.501719057559967,-0.06033170595765114,0.29387572407722473,0.43313005566596985,-0.06472146511077881,0.2581176459789276,0.4109593629837036,-0.041485778987407684,0.26183784008026123,0.4237178564071655,-0.07049877941608429,0.24969972670078278,0.509120523929596,-0.07998266816139221,0.24533873796463013,0.5215982794761658,-0.08376787602901459,0.2171209752559662,0.39448633790016174,-0.03737957775592804,0.21604913473129272,0.44214072823524475,-0.06456390768289566,0.21114657819271088,0.5396298170089722,-0.0660252720117569,0.2149038314819336,0.5328299403190613,-0.06539400666952133,0.1766907423734665,0.40553921461105347,-0.037095099687576294,0.176224023103714,0.459759920835495,-0.0645502582192421,0.17757928371429443,0.53870689868927,-0.056764937937259674,0.18126478791236877,0.5263291597366333,-0.049413297325372696,0.1405206024646759,0.4284515678882599,-0.039760954678058624,0.13900713622570038,0.48469278216362,-0.05738234519958496,0.14386682212352753,0.5365737676620483,-0.053767506033182144,0.1450345814228058,0.5254155397415161,-0.049039606004953384,A
0.8451427221298218,0.6440062522888184,-5.953099275757268e-07,0.7932179570198059,0.622118353843689,-0.05380496755242348,0.7426379323005676,0.5591399669647217,-0.08638127893209457,0.7281670570373535,0.49659618735313416,-0.10969258844852448,0.761962354183197,0.4549609124660492,-0.12310459464788437,0.7827043533325195,0.34950754046440125,-0.06087258830666542,0.7880797982215881,0.4396810531616211,-0.08889014273881912,0.7872905731201172,0.5200179219245911,-0.09279996156692505,0.7850890159606934,0.5101286172866821,-0.09527608007192612,0.8343330025672913,0.3364158272743225,-0.05033347010612488,0.8396448493003845,0.45376861095428467,-0.08199315518140793,0.8278512954711914,0.5382739305496216,-0.08093354105949402,0.8232508301734924,0.5108180046081543,-0.07744694501161575,0.8803640007972717,0.3580780625343323,-0.044922251254320145,0.8834396600723267,0.47016870975494385,-0.07769966125488281,0.8645374774932861,0.5405263304710388,-0.0683048740029335,0.8550714254379272,0.5155391693115234,-0.058694254606962204,0.9197824001312256,0.39604103565216064,-0.04453524202108383,0.9209222197532654,0.4709484577178955,-0.06778249144554138,0.9061749577522278,0.5261050462722778,-0.06605884432792664,0.8970760703086853,0.5115658044815063,-0.06119610369205475,A
0.17259036004543304,0.6822494268417358,-2.5746575715857034e-07,0.2260422557592392,0.6503617763519287,-0.033064890652894974,0.2731951177120209,0.5747244954109192,-0.04935777187347412,0.2931671738624573,0.501719057559967,-0.06033170595765114,0.29387572407722473,0.43313005566596985,-0.06472146511077881,0.2581176459789276,0.4109593629837036,-0.041485778987407684,0.26183784008026123,0.4237178564071655,-0.07049877941608429,0.24969972670078278,0.509120523929596,-0.07998266816139221,0.24533873796463013,0.5215982794761658,-0.08376787602901459,0.2171209752559662,0.39448633790016174,-0.03737957775592804,0.21604913473129272,0.44214072823524475,-0.06456390768289566,0.21114657819271088,0.5396298170089722,-0.0660252720117569,0.2149038314819336,0.5328299403190613,-0.06539400666952133,0.1766907423734665,0.40553921461105347,-0.037095099687576294,0.176224023103714,0.459759920835495,-0.0645502582192421,0.17757928371429443,0.53870689868927,-0.056764937937259674,0.18126478791236877,0.5263291597366333,-0.049413297325372696,0.1405206024646759,0.4284515678882599,-0.039760954678058624,0.13900713622570038,0.48469278216362,-0.05738234519958496,0.14386682212352753,0.5365737676620483,-0.053767506033182144,0.1450345814228058,0.5254155397415161,-0.049039606004953384,A
0.17986401915550232,0.6812533140182495,-2.8031689680574345e-07,0.2291073501110077,0.6371093988418579,-0.029149454087018967,0.2748813033103943,0.5578473806381226,-0.04426443949341774,0.2983217239379883,0.4832075536251068,-0.05544699355959892,0.3031586706638336,0.4141417145729065,-0.060555536299943924,0.2659491002559662,0.40639641880989075,-0.03703923523426056,0.27179577946662903,0.39985594153404236,-0.06412512809038162,0.2586573362350464,0.48535871505737305,-0.07083448767662048,0.2533513903617859,0.5005135536193848,-0.07265526801347733,0.22285088896751404,0.394709050655365,-0.03475908190011978,0.2231113314628601,0.41942012310028076,-0.0636318027973175,0.2183576226234436,0.521325945854187,-0.06529133021831512,0.2227165699005127,0.516721248626709,-0.0644516572356224,0.18058361113071442,0.4086824059486389,-0.03559509292244911,0.18105444312095642,0.4327474534511566,-0.06468100100755692,0.18224680423736572,0.5182164907455444,-0.05385987460613251,0.18489402532577515,0.5108993053436279,-0.043895892798900604,0.14090129733085632,0.4304378032684326,-0.03867034241557121,0.14143498241901398,0.45444023609161377,-0.05606202036142349,0.1475573480129242,0.5114834904670715,-0.04832100123167038,0.1495165228843689,0.506434440612793,-0.040503256022930145,A
0.8376103043556213,0.6469060182571411,-5.608495143860637e-07,0.7855408191680908,0.62494957447052,-0.054415225982666016,0.7381482124328613,0.5550273060798645,-0.08559001982212067,0.7303193211555481,0.4809766411781311,-0.10676084458827972,0.7639155387878418,0.44142359495162964,-0.11812783032655716,0.7758100032806396,0.35309886932373047,-0.06133773922920227,0.7897790670394897,0.43232107162475586,-0.08907196670770645,0.7885110378265381,0.5148707032203674,-0.09320821613073349,0.7835198640823364,0.5143435597419739,-0.09555105119943619,0.8269508481025696,0.33673739433288574,-0.04912848398089409,0.8387066125869751,0.4427111744880676,-0.07903445512056351,0.8252431750297546,0.5316481590270996,-0.07750844955444336,0.8182370662689209,0.5119655728340149,-0.0739145576953888,0.8727158308029175,0.35614722967147827,-0.04201328009366989,0.8825235962867737,0.461751788854599,-0.07432016730308533,0.863273024559021,0.5327774286270142,-0.0662844255566597,0.8518652319908142,0.510499119758606,-0.05764131247997284,0.9116861820220947,0.39429816603660583,-0.03955676406621933,0.9170732498168945,0.46382778882980347,-0.06258580088615417,0.900728166103363,0.5195745825767517,-0.0612548403441906,0.8892470598220825,0.5068318247795105,-0.056735336780548096,A
0.17972597479820251,0.6752071380615234,-2.578672138042748e-07,0.22857354581356049,0.6267396211624146,-0.02900678850710392,0.2762998938560486,0.5401382446289062,-0.04405944049358368,0.3024764060974121,0.46041128039360046,-0.05628451332449913,0.30945393443107605,0.3833707571029663,-0.062024444341659546,0.27352458238601685,0.39462700486183167,-0.03211027756333351,0.2768239676952362,0.3613119125366211,-0.06287667155265808,0.2625688910484314,0.4514179825782776,-0.07211245596408844,0.25943320989608765,0.4749985933303833,-0.07460549473762512,0.23173320293426514,0.3846683204174042,-0.030871113762259483,0.2284281849861145,0.3871007263660431,-0.0633482038974762,0.22373852133750916,0.492356538772583,-0.06574902683496475,0.230573832988739,0.49550217390060425,-0.0639677569270134,0.18958887457847595,0.39416471123695374,-0.033963773399591446,0.18666207790374756,0.4098761975765228,-0.06587886810302734,0.18792861700057983,0.49934470653533936,-0.05526670068502426,0.19462305307388306,0.4987841248512268,-0.04432588443160057,0.14915013313293457,0.4103454053401947,-0.039511315524578094,0.1492319256067276,0.43214595317840576,-0.057624511420726776,0.1547335982322693,0.4944237172603607,-0.049559272825717926,0.15951120853424072,0.49728721380233765,-0.04095730185508728,A
0.8335720896720886,0.6475731134414673,-5.656572170664731e-07,0.7791752815246582,0.6177650690078735,-0.050604913383722305,0.7354936599731445,0.5417349338531494,-0.07890341430902481,0.7341784834861755,0.4638274013996124,-0.0980483666062355,0.7663497924804688,0.42015013098716736,-0.107296422123909,0.7713155150413513,0.3420296907424927,-0.056910812854766846,0.7899786829948425,0.4021347463130951,-0.08498049527406693,0.7922276258468628,0.4918992817401886,-0.08976710587739944,0.7874393463134766,0.5045335292816162,-0.092166967689991,0.8227766156196594,0.3221670389175415,-0.0454128198325634,0.8395052552223206,0.41791749000549316,-0.07547146826982498,0.8277814984321594,0.5133054852485657,-0.07443825900554657,0.8187233209609985,0.5031861066818237,-0.07103070616722107,0.86833655834198,0.3407682180404663,-0.038692113012075424,0.8818431496620178,0.439553827047348,-0.06972285360097885,0.863125205039978,0.5168939828872681,-0.06057731434702873,0.8495506048202515,0.5006908774375916,-0.05141643062233925,0.9072689414024353,0.37949904799461365,-0.03647706285119057,0.9146255254745483,0.4523431658744812,-0.05780031532049179,0.8984655737876892,0.5101582407951355,-0.05571325868368149,0.8859298229217529,0.49703916907310486,-0.050843268632888794,A
0.17972597479820251,0.6752071380615234,-2.578672138042748e-07,0.22857354581356049,0.6267396211624146,-0.02900678850710392,0.2762998938560486,0.5401382446289062,-0.04405944049358368,0.3024764060974121,0.46041128039360046,-0.05628451332449913,0.30945393443107605,0.3833707571029663,-0.062024444341659546,0.27352458238601685,0.39462700486183167,-0.03211027756333351,0.2768239676952362,0.3613119125366211,-0.06287667155265808,0.2625688910484314,0.4514179825782776,-0.07211245596408844,0.25943320989608765,0.4749985933303833,-0.07460549473762512,0.23173320293426514,0.3846683204174042,-0.030871113762259483,0.2284281849861145,0.3871007263660431,-0.0633482038974762,0.22373852133750916,0.492356538772583,-0.06574902683496475,0.230573832988739,0.49550217390060425,-0.0639677569270134,0.18958887457847595,0.39416471123695374,-0.033963773399591446,0.18666207790374756,0.4098761975765228,-0.06587886810302734,0.18792861700057983,0.49934470653533936,-0.05526670068502426,0.19462305307388306,0.4987841248512268,-0.04432588443160057,0.14915013313293457,0.4103454053401947,-0.039511315524578094,0.1492319256067276,0.43214595317840576,-0.057624511420726776,0.1547335982322693,0.4944237172603607,-0.049559272825717926,0.15951120853424072,0.49728721380233765,-0.04095730185508728,A
0.8335720896720886,0.6475731134414673,-5.656572170664731e-07,0.7791752815246582,0.6177650690078735,-0.050604913383722305,0.7354936599731445,0.5417349338531494,-0.07890341430902481,0.7341784834861755,0.4638274013996124,-0.0980483666062355,0.7663497924804688,0.42015013098716736,-0.107296422123909,0.7713155150413513,0.3420296907424927,-0.056910812854766846,0.7899786829948425,0.4021347463130951,-0.08498049527406693,0.7922276258468628,0.4918992817401886,-0.08976710587739944,0.7874393463134766,0.5045335292816162,-0.092166967689991,0.8227766156196594,0.3221670389175415,-0.0454128198325634,0.8395052552223206,0.41791749000549316,-0.07547146826982498,0.8277814984321594,0.5133054852485657,-0.07443825900554657,0.8187233209609985,0.5031861066818237,-0.07103070616722107,0.86833655834198,0.3407682180404663,-0.038692113012075424,0.8818431496620178,0.439553827047348,-0.06972285360097885,0.863125205039978,0.5168939828872681,-0.06057731434702873,0.8495506048202515,0.5006908774375916,-0.05141643062233925,0.9072689414024353,0.37949904799461365,-0.03647706285119057,0.9146255254745483,0.4523431658744812,-0.05780031532049179,0.8984655737876892,0.5101582407951355,-0.05571325868368149,0.8859298229217529,0.49703916907310486,-0.050843268632888794,A
0.17770278453826904,0.6676222085952759,-2.0498667652191216e-07,0.2299867868423462,0.6102344989776611,-0.03113463707268238,0.27613142132759094,0.520656168460846,-0.043806202709674835,0.30659791827201843,0.4363260269165039,-0.05191885307431221,0.3128475546836853,0.355801522731781,-0.05066261813044548,0.26744887232780457,0.38789311051368713,-0.02658352442085743,0.28168871998786926,0.34427881240844727,-0.052280254662036896,0.26760730147361755,0.4246722459793091,-0.054535817354917526,0.2589053213596344,0.434728741645813,-0.051724519580602646,0.2245035469532013,0.3741014897823334,-0.021979624405503273,0.2366931140422821,0.36212432384490967,-0.050414446741342545,0.2267054319381714,0.4656844735145569,-0.04934963211417198,0.22991926968097687,0.44726017117500305,-0.04418385028839111,0.18365612626075745,0.38364940881729126,-0.0219033882021904,0.19260229170322418,0.3942320942878723,-0.0501774400472641,0.19409476220607758,0.4837203323841095,-0.0378786101937294,0.19491252303123474,0.46784329414367676,-0.025561058893799782,0.1469859927892685,0.4012330174446106,-0.02468009479343891,0.1541430801153183,0.42968130111694336,-0.04019198566675186,0.16075244545936584,0.48612499237060547,-0.031483639031648636,0.1570998579263687,0.4718228876590729,-0.022129599004983902,A
0.8327187895774841,0.6309241652488708,-6.02065256316564e-07,0.7778801918029785,0.5995234251022339,-0.043889209628105164,0.7331973910331726,0.5125297904014587,-0.06809283047914505,0.7278640866279602,0.4250604808330536,-0.08484940230846405,0.7520343065261841,0.38672176003456116,-0.09303122758865356,0.7711464166641235,0.32054200768470764,-0.047109443694353104,0.7847363948822021,0.35978183150291443,-0.07448818534612656,0.7875673770904541,0.45257338881492615,-0.08181862533092499,0.783951461315155,0.48838651180267334,-0.08471344411373138,0.8225843906402588,0.30528151988983154,-0.0380106195807457,0.8337578773498535,0.37668296694755554,-0.06488627940416336,0.8231508731842041,0.4769462049007416,-0.06464893370866776,0.8144180774688721,0.49452677369117737,-0.06104382127523422,0.8670473694801331,0.325875848531723,-0.033424604684114456,0.8764876127243042,0.4028407633304596,-0.06263548880815506,0.8583243489265442,0.488336443901062,-0.05382995679974556,0.84529709815979,0.4976058304309845,-0.04346261918544769,0.9042887687683105,0.366172194480896,-0.03272741287946701,0.912064254283905,0.418104887008667,-0.0509151816368103,0.8952874541282654,0.4810386896133423,-0.04575817286968231,0.8827961087226868,0.4859927296638489,-0.03822812810540199,A
0.18182411789894104,0.6590301394462585,-2.349266310375242e-07,0.23173251748085022,0.6068884134292603,-0.02197312004864216,0.27949583530426025,0.5109986066818237,-0.030374696478247643,0.30783241987228394,0.42474785447120667,-0.03715132176876068,0.31604644656181335,0.3468014895915985,-0.03608068823814392,0.2687431871891022,0.4019412100315094,-0.017174359411001205,0.2833934724330902,0.33206045627593994,-0.04299232363700867,0.26943346858024597,0.418636292219162,-0.04557552933692932,0.2602643370628357,0.4405876696109772,-0.04222049564123154,0.22887147963047028,0.39274221658706665,-0.017653970047831535,0.240643709897995,0.34165942668914795,-0.04648720845580101,0.22990794479846954,0.45327088236808777,-0.04412263259291649,0.22799482941627502,0.4546021819114685,-0.036417145282030106,0.18855933845043182,0.39716148376464844,-0.022685294970870018,0.19744540750980377,0.3706093728542328,-0.05435333400964737,0.19442573189735413,0.47383153438568115,-0.04087643325328827,0.19347348809242249,0.47262662649154663,-0.025192037224769592,0.14826610684394836,0.4057154059410095,-0.02921680547297001,0.15983232855796814,0.40350106358528137,-0.04658233001828194,0.1635233759880066,0.4680352509021759,-0.03542887791991234,0.16066542267799377,0.4665372967720032,-0.02322269417345524,A
0.8340835571289062,0.6249738931655884,-5.481639959725726e-07,0.7773481011390686,0.5917091965675354,-0.043825842440128326,0.7285714149475098,0.496970534324646,-0.06713540107011795,0.7216874361038208,0.39757537841796875,-0.08296772837638855,0.7523747086524963,0.3469845950603485,-0.09056418389081955,0.7654430866241455,0.3168542981147766,-0.045656219124794006,0.7813403606414795,0.3352251946926117,-0.0736096054315567,0.7880003452301025,0.4264428913593292,-0.08206053078174591,0.784983217716217,0.4755173325538635,-0.08532846719026566,0.8161388635635376,0.3012748062610626,-0.03622230142354965,0.8288946151733398,0.3433700203895569,-0.06646712124347687,0.8216086626052856,0.45476269721984863,-0.06929261237382889,0.8119047284126282,0.49247491359710693,-0.06617112457752228,0.861151397228241,0.31790515780448914,-0.031072797253727913,0.8723282217979431,0.3722628653049469,-0.06395933032035828,0.8549603223800659,0.4691104590892792,-0.05558747798204422,0.8387760519981384,0.4952385425567627,-0.04367274045944214,0.8980081081390381,0.35414785146713257,-0.029459426179528236,0.9072239398956299,0.3936043381690979,-0.05175044387578964,0.8894872665405273,0.46468085050582886,-0.04634023457765579,0.8731808662414551,0.4811449646949768,-0.037292905151844025,A
0.18182411789894104,0.6590301394462585,-2.349266310375242e-07,0.23173251748085022,0.6068884134292603,-0.02197312004864216,0.27949583530426025,0.5109986066818237,-0.030374696478247643,0.30783241987228394,0.42474785447120667,-0.03715132176876068,0.31604644656181335,0.3468014895915985,-0.03608068823814392,0.2687431871891022,0.4019412100315094,-0.017174359411001205,0.2833934724330902,0.33206045627593994,-0.04299232363700867,0.26943346858024597,0.418636292219162,-0.04557552933692932,0.2602643370628357,0.4405876696109772,-0.04222049564123154,0.22887147963047028,0.39274221658706665,-0.017653970047831535,0.240643709897995,0.34165942668914795,-0.04648720845580101,0.22990794479846954,0.45327088236808777,-0.04412263259291649,0.22799482941627502,0.4546021819114685,-0.036417145282030106,0.18855933845043182,0.39716148376464844,-0.022685294970870018,0.19744540750980377,0.3706093728542328,-0.05435333400964737,0.19442573189735413,0.47383153438568115,-0.04087643325328827,0.19347348809242249,0.47262662649154663,-0.025192037224769592,0.14826610684394836,0.4057154059410095,-0.02921680547297001,0.15983232855796814,0.40350106358528137,-0.04658233001828194,0.1635233759880066,0.4680352509021759,-0.03542887791991234,0.16066542267799377,0.4665372967720032,-0.02322269417345524,A
0.8340835571289062,0.6249738931655884,-5.481639959725726e-07,0.7773481011390686,0.5917091965675354,-0.043825842440128326,0.7285714149475098,0.496970534324646,-0.06713540107011795,0.7216874361038208,0.39757537841796875,-0.08296772837638855,0.7523747086524963,0.3469845950603485,-0.09056418389081955,0.7654430866241455,0.3168542981147766,-0.045656219124794006,0.7813403606414795,0.3352251946926117,-0.0736096054315567,0.7880003452301025,0.4264428913593292,-0.08206053078174591,0.784983217716217,0.4755173325538635,-0.08532846719026566,0.8161388635635376,0.3012748062610626,-0.03622230142354965,0.8288946151733398,0.3433700203895569,-0.06646712124347687,0.8216086626052856,0.45476269721984863,-0.06929261237382889,0.8119047284126282,0.49247491359710693,-0.06617112457752228,0.861151397228241,0.31790515780448914,-0.031072797253727913,0.8723282217979431,0.3722628653049469,-0.06395933032035828,0.8549603223800659,0.4691104590892792,-0.05558747798204422,0.8387760519981384,0.4952385425567627,-0.04367274045944214,0.8980081081390381,0.35414785146713257,-0.029459426179528236,0.9072239398956299,0.3936043381690979,-0.05175044387578964,0.8894872665405273,0.46468085050582886,-0.04634023457765579,0.8731808662414551,0.4811449646949768,-0.037292905151844025,A
0.8380497097969055,0.6312768459320068,-5.775443696620641e-07,0.7717673778533936,0.5581321120262146,-0.03364243358373642,0.7176647782325745,0.4688318967819214,-0.05123285949230194,0.7025426626205444,0.3569633662700653,-0.06558994203805923,0.7331740260124207,0.29799684882164,-0.0718035027384758,0.760824978351593,0.3474154472351074,-0.017191072925925255,0.7653653621673584,0.29271310567855835,-0.04515604302287102,0.7670354843139648,0.3863324224948883,-0.0538938045501709,0.763929009437561,0.44891220331192017,-0.05586627498269081,0.8090595602989197,0.3462142050266266,-0.011954786255955696,0.8098896145820618,0.2858356237411499,-0.04879464581608772,0.8034258484840393,0.4125455319881439,-0.055566370487213135,0.7976040840148926,0.4698336720466614,-0.05245830863714218,0.8526867628097534,0.3622465431690216,-0.011488768272101879,0.8537325263023376,0.31892433762550354,-0.04710887372493744,0.8376884460449219,0.4294862151145935,-0.03296913951635361,0.8252148032188416,0.484549880027771,-0.014717062003910542,0.8912313580513,0.4008914530277252,-0.013872912153601646,0.8894628286361694,0.3538636565208435,-0.03473692387342453,0.8710094094276428,0.43440327048301697,-0.02224447950720787,0.8575057983398438,0.4750862717628479,-0.007608868647366762,A
0.1891123354434967,0.5947468876838684,-2.920132544659282e-07,0.23426294326782227,0.5822848081588745,-0.024600902572274208,0.28364768624305725,0.48488521575927734,-0.03309151530265808,0.3093113601207733,0.3868056535720825,-0.03902731090784073,0.31946223974227905,0.30842116475105286,-0.038939572870731354,0.26631879806518555,0.36339664459228516,-0.02680179476737976,0.28604423999786377,0.29206255078315735,-0.054405491799116135,0.2742988169193268,0.3801243305206299,-0.057202499359846115,0.260625958442688,0.4242461621761322,-0.05404089391231537,0.22557885944843292,0.35899826884269714,-0.027072422206401825,0.24390193819999695,0.29943546652793884,-0.06329690665006638,0.23732434213161469,0.41717401146888733,-0.06634679436683655,0.23154199123382568,0.44916003942489624,-0.06096387654542923,0.18575143814086914,0.370682954788208,-0.030930712819099426,0.20121359825134277,0.3329971134662628,-0.07241152971982956,0.19951751828193665,0.4472865164279938,-0.0623563751578331,0.19569501280784607,0.473452627658844,-0.04610032960772514,0.1449020355939865,0.38873177766799927,-0.03555969148874283,0.16027531027793884,0.36911487579345703,-0.06379108875989914,0.16689443588256836,0.44770199060440063,-0.05658631771802902,0.16602823138237,0.4669244885444641,-0.0453171506524086,A
0.8380497097969055,0.6312768459320068,-5.775443696620641e-07,0.7717673778533936,0.5581321120262146,-0.03364243358373642,0.7176647782325745,0.4688318967819214,-0.05123285949230194,0.7025426626205444,0.3569633662700653,-0.06558994203805923,0.7331740260124207,0.29799684882164,-0.0718035027384758,0.760824978351593,0.3474154472351074,-0.017191072925925255,0.7653653621673584,0.29271310567855835,-0.04515604302287102,0.7670354843139648,0.3863324224948883,-0.0538938045501709,0.763929009437561,0.44891220331192017,-0.05586627498269081,0.8090595602989197,0.3462142050266266,-0.011954786255955696,0.8098896145820618,0.2858356237411499,-0.04879464581608772,0.8034258484840393,0.4125455319881439,-0.055566370487213135,0.7976040840148926,0.4698336720466614,-0.05245830863714218,0.8526867628097534,0.3622465431690216,-0.011488768272101879,0.8537325263023376,0.31892433762550354,-0.04710887372493744,0.8376884460449219,0.4294862151145935,-0.03296913951635361,0.8252148032188416,0.484549880027771,-0.014717062003910542,0.8912313580513,0.4008914530277252,-0.013872912153601646,0.8894628286361694,0.3538636565208435,-0.03473692387342453,0.8710094094276428,0.43440327048301697,-0.02224447950720787,0.8575057983398438,0.4750862717628479,-0.007608868647366762,A
0.1891123354434967,0.5947468876838684,-2.920132544659282e-07,0.23426294326782227,0.5822848081588745,-0.024600902572274208,0.28364768624305725,0.48488521575927734,-0.03309151530265808,0.3093113601207733,0.3868056535720825,-0.03902731090784073,0.31946223974227905,0.30842116475105286,-0.038939572870731354,0.26631879806518555,0.36339664459228516,-0.02680179476737976,0.28604423999786377,0.29206255078315735,-0.054405491799116135,0.2742988169193268,0.3801243305206299,-0.057202499359846115,0.260625958442688,0.4242461621761322,-0.05404089391231537,0.22557885944843292,0.35899826884269714,-0.027072422206401825,0.24390193819999695,0.29943546652793884,-0.06329690665006638,0.23732434213161469,0.41717401146888733,-0.06634679436683655,0.23154199123382568,0.44916003942489624,-0.06096387654542923,0.18575143814086914,0.370682954788208,-0.030930712819099426,0.20121359825134277,0.3329971134662628,-0.07241152971982956,0.19951751828193665,0.4472865164279938,-0.0623563751578331,0.19569501280784607,0.473452627658844,-0.04610032960772514,0.1449020355939865,0.38873177766799927,-0.03555969148874283,0.16027531027793884,0.36911487579345703,-0.06379108875989914,0.16689443588256836,0.44770199060440063,-0.05658631771802902,0.16602823138237,0.4669244885444641,-0.0453171506524086,A
0.8365586996078491,0.6283361911773682,-5.107143579152762e-07,0.7721390724182129,0.5719014406204224,-0.037148553878068924,0.7180694937705994,0.4666082262992859,-0.058681607246398926,0.7014918327331543,0.35504981875419617,-0.07669137418270111,0.7325014472007751,0.2906348705291748,-0.08710433542728424,0.7598413825035095,0.34964823722839355,-0.029832812026143074,0.7593792080879211,0.2771463394165039,-0.06286736577749252,0.7661293745040894,0.36997827887535095,-0.07444936037063599,0.7693630456924438,0.4419834017753601,-0.0772053673863411,0.807434618473053,0.3531622886657715,-0.025059493258595467,0.8057870268821716,0.2775149345397949,-0.06379134953022003,0.8042023181915283,0.395842045545578,-0.06961468607187271,0.8015901446342468,0.46500810980796814,-0.0647243782877922,0.8517833948135376,0.36802855134010315,-0.02565031312406063,0.8493208289146423,0.3070153295993805,-0.06472744047641754,0.8371207118034363,0.42042961716651917,-0.052907805889844894,0.8275208473205566,0.4848884344100952,-0.03479575738310814,0.8921312093734741,0.398975670337677,-0.029298143461346626,0.886780858039856,0.3464305102825165,-0.05545157939195633,0.8709535598754883,0.4247266352176666,-0.04680041968822479,0.8600443005561829,0.47307735681533813,-0.03359526768326759,A
0.18399082124233246,0.5919032096862793,-3.0990474897407694e-07,0.2300121784210205,0.585696816444397,-0.02367343381047249,0.28038790822029114,0.4843544661998749,-0.031088417395949364,0.3073709011077881,0.3838891386985779,-0.036423634737730026,0.3187008500099182,0.3064377009868622,-0.0357825867831707,0.266303688287735,0.35936397314071655,-0.023457158356904984,0.2833360433578491,0.28494271636009216,-0.05090324208140373,0.2728051543235779,0.3736039698123932,-0.05397936329245567,0.2598557472229004,0.4204745888710022,-0.05094677582383156,0.22462089359760284,0.355771541595459,-0.023856040090322495,0.24228054285049438,0.29133304953575134,-0.06082010269165039,0.23656444251537323,0.4119042158126831,-0.06434331834316254,0.23080705106258392,0.44877442717552185,-0.0587959848344326,0.18436530232429504,0.3677199184894562,-0.027939483523368835,0.19837352633476257,0.3272899091243744,-0.07038690894842148,0.19742360711097717,0.44561338424682617,-0.06046728044748306,0.193879634141922,0.47727715969085693,-0.04366910457611084,0.14301396906375885,0.3851972818374634,-0.0327589325606823,0.15794047713279724,0.36268773674964905,-0.06172928959131241,0.16493827104568481,0.44473621249198914,-0.05480317398905754,0.1645282506942749,0.4685734510421753,-0.0434223972260952,A
0.1795777678489685,0.586345911026001,-3.2955523465716396e-07,0.22717663645744324,0.5792011618614197,-0.02258284017443657,0.28006523847579956,0.4787241220474243,-0.028902823105454445,0.3042110800743103,0.37838059663772583,-0.03323439136147499,0.3153151869773865,0.3037319481372833,-0.0314098559319973,0.26188337802886963,0.3581087291240692,-0.023707229644060135,0.27942872047424316,0.2803970277309418,-0.05004166439175606,0.2684486210346222,0.3726241886615753,-0.05216722935438156,0.2544976472854614,0.4184151589870453,-0.048634715378284454,0.2208123505115509,0.3564521372318268,-0.024389563128352165,0.24126921594142914,0.28664836287498474,-0.061187610030174255,0.23469050228595734,0.4080885946750641,-0.06502623111009598,0.22582343220710754,0.44743576645851135,-0.05938292667269707,0.1817348599433899,0.36899393796920776,-0.028456300497055054,0.19771608710289001,0.3225427269935608,-0.07021891325712204,0.1958926022052765,0.4433388113975525,-0.061008185148239136,0.1905282437801361,0.47717559337615967,-0.044593680649995804,0.14066685736179352,0.38488855957984924,-0.033132512122392654,0.15819820761680603,0.36001989245414734,-0.06170682609081268,0.1649913787841797,0.441516637802124,-0.055234357714653015,0.16387736797332764,0.46581459045410156,-0.044195838272571564,A
0.8409460186958313,0.6281954646110535,-4.881907784692885e-07,0.774003267288208,0.5747824907302856,-0.03495575487613678,0.7174278497695923,0.46655863523483276,-0.05408019945025444,0.6987541317939758,0.3552801311016083,-0.07031713426113129,0.7281781435012817,0.2877281904220581,-0.07948222011327744,0.7606092095375061,0.3506317436695099,-0.02223161607980728,0.7562286257743835,0.2761874198913574,-0.05629284679889679,0.7644381523132324,0.3659287393093109,-0.07094118744134903,0.7708091735839844,0.4426739811897278,-0.07544293254613876,0.8082183599472046,0.3532506227493286,-0.018929995596408844,0.8033668398857117,0.27208006381988525,-0.059449806809425354,0.8048959970474243,0.39006438851356506,-0.06932026147842407,0.8049997091293335,0.46822765469551086,-0.06593248248100281,0.8528009057044983,0.36715155839920044,-0.021226707845926285,0.8479291796684265,0.29767826199531555,-0.06177226081490517,0.8398723602294922,0.412800669670105,-0.05240917578339577,0.8326728343963623,0.48646268248558044,-0.03469862416386604,0.8950392007827759,0.39528509974479675,-0.02643680013716221,0.8866156339645386,0.33566147089004517,-0.0554092638194561,0.8732243180274963,0.4153548777103424,-0.047970592975616455,0.8648381233215332,0.4699934422969818,-0.03421054035425186,A
0.1795777678489685,0.586345911026001,-3.2955523465716396e-07,0.22717663645744324,0.5792011618614197,-0.02258284017443657,0.28006523847579956,0.4787241220474243,-0.028902823105454445,0.3042110800743103,0.37838059663772583,-0.03323439136147499,0.3153151869773865,0.3037319481372833,-0.0314098559319973,0.26188337802886963,0.3581087291240692,-0.023707229644060135,0.27942872047424316,0.2803970277309418,-0.05004166439175606,0.2684486210346222,0.3726241886615753,-0.05216722935438156,0.2544976472854614,0.4184151589870453,-0.048634715378284454,0.2208123505115509,0.3564521372318268,-0.024389563128352165,0.24126921594142914,0.28664836287498474,-0.061187610030174255,0.23469050228595734,0.4080885946750641,-0.06502623111009598,0.22582343220710754,0.44743576645851135,-0.05938292667269707,0.1817348599433899,0.36899393796920776,-0.028456300497055054,0.19771608710289001,0.3225427269935608,-0.07021891325712204,0.1958926022052765,0.4433388113975525,-0.061008185148239136,0.1905282437801361,0.47717559337615967,-0.044593680649995804,0.14066685736179352,0.38488855957984924,-0.033132512122392654,0.15819820761680603,0.36001989245414734,-0.06170682609081268,0.1649913787841797,0.441516637802124,-0.055234357714653015,0.16387736797332764,0.46581459045410156,-0.044195838272571564,A
0.8409460186958313,0.6281954646110535,-4.881907784692885e-07,0.774003267288208,0.5747824907302856,-0.03495575487613678,0.7174278497695923,0.46655863523483276,-0.05408019945025444,0.6987541317939758,0.3552801311016083,-0.07031713426113129,0.7281781435012817,0.2877281904220581,-0.07948222011327744,0.7606092095375061,0.3506317436695099,-0.02223161607980728,0.7562286257743835,0.2761874198913574,-0.05629284679889679,0.7644381523132324,0.3659287393093109,-0.07094118744134903,0.7708091735839844,0.4426739811897278,-0.07544293254613876,0.8082183599472046,0.3532506227493286,-0.018929995596408844,0.8033668398857117,0.27208006381988525,-0.059449806809425354,0.8048959970474243,0.39006438851356506,-0.06932026147842407,0.8049997091293335,0.46822765469551086,-0.06593248248100281,0.8528009057044983,0.36715155839920044,-0.021226707845926285,0.8479291796684265,0.29767826199531555,-0.06177226081490517,0.8398723602294922,0.412800669670105,-0.05240917578339577,0.8326728343963623,0.48646268248558044,-0.03469862416386604,0.8950392007827759,0.39528509974479675,-0.02643680013716221,0.8866156339645386,0.33566147089004517,-0.0554092638194561,0.8732243180274963,0.4153548777103424,-0.047970592975616455,0.8648381233215332,0.4699934422969818,-0.03421054035425186,A
0.8549081087112427,0.6444076299667358,-6.633811722167593e-07,0.7826043367385864,0.5978946685791016,-0.025659378618001938,0.7218154072761536,0.4845149517059326,-0.036983538419008255,0.6996375322341919,0.3700745701789856,-0.04870762303471565,0.7253662943840027,0.2930636703968048,-0.054081644862890244,0.7602546811103821,0.37121838331222534,-0.0006447088089771569,0.7506691813468933,0.2915515899658203,-0.03440362215042114,0.7648618221282959,0.382577121257782,-0.050059184432029724,0.7747979164123535,0.4561192989349365,-0.05479154363274574,0.8080773949623108,0.3666095435619354,-0.002386920154094696,0.7954928874969482,0.2810038626194,-0.04440627992153168,0.8059694170951843,0.40510839223861694,-0.05531690642237663,0.8120214939117432,0.48344993591308594,-0.05073276534676552,0.8555919528007507,0.37319037318229675,-0.010337810032069683,0.8434081077575684,0.29546648263931274,-0.0542934350669384,0.842621922492981,0.42499637603759766,-0.0434640571475029,0.8415626287460327,0.503075897693634,-0.022218814119696617,0.9042811393737793,0.39422908425331116,-0.020367272198200226,0.8880599737167358,0.3277105391025543,-0.049840498715639114,0.8795785307884216,0.41884106397628784,-0.03959149494767189,0.8763541579246521,0.4780651926994324,-0.02274804189801216,A
0.18204960227012634,0.5918059349060059,-2.5766701128304703e-07,0.23359708487987518,0.5888876914978027,-0.022831885144114494,0.2855740189552307,0.49375319480895996,-0.028705298900604248,0.3089419901371002,0.39842578768730164,-0.03313129395246506,0.32037100195884705,0.3256711959838867,-0.03205930069088936,0.27493610978126526,0.37442222237586975,-0.018788468092679977,0.289869099855423,0.3023527264595032,-0.04634862765669823,0.27567392587661743,0.38783159852027893,-0.052645787596702576,0.26129984855651855,0.4323655962944031,-0.0520523339509964,0.23571380972862244,0.3643437922000885,-0.019495846703648567,0.25065985321998596,0.2968617379665375,-0.05496680736541748,0.24338725209236145,0.4105265736579895,-0.060897186398506165,0.23697540163993835,0.45429784059524536,-0.057227350771427155,0.1958533227443695,0.3694872260093689,-0.02433212287724018,0.20653849840164185,0.3301646411418915,-0.065851129591465,0.2013920247554779,0.4482690989971161,-0.061003126204013824,0.1977548599243164,0.4885160028934479,-0.047443438321352005,0.15402726829051971,0.3828057050704956,-0.030000073835253716,0.16688179969787598,0.36858701705932617,-0.05976405739784241,0.17073503136634827,0.4479479193687439,-0.05714153125882149,0.17116139829158783,0.4769975543022156,-0.04864633083343506,A
0.842536985874176,0.7056999802589417,-6.991696182012674e-07,0.7670445442199707,0.6725366115570068,-0.03111220896244049,0.6985183358192444,0.5603641867637634,-0.04693235829472542,0.675235390663147,0.4438561201095581,-0.061411138623952866,0.6830206513404846,0.34492358565330505,-0.06970641762018204,0.7344393730163574,0.41587814688682556,-0.013987819664180279,0.7161481380462646,0.34336450695991516,-0.054365020245313644,0.7329962253570557,0.44528019428253174,-0.07417581975460052,0.7474585175514221,0.5298796892166138,-0.08019507676362991,0.7853769063949585,0.4077310264110565,-0.014592808671295643,0.7622199654579163,0.3324434757232666,-0.06081147864460945,0.7764273881912231,0.46407902240753174,-0.07290474325418472,0.7886788249015808,0.5525383949279785,-0.0685630738735199,0.836922287940979,0.4121660590171814,-0.02171054482460022,0.8123610615730286,0.34726205468177795,-0.06932486593723297,0.8192219734191895,0.48282432556152344,-0.06100396439433098,0.8263506293296814,0.5680074691772461,-0.04140681028366089,0.8909778594970703,0.43110373616218567,-0.03114999085664749,0.8609318137168884,0.3764103055000305,-0.06527666747570038,0.8561207056045532,0.475277841091156,-0.05752789229154587,0.8590806126594543,0.5407076478004456,-0.04151531681418419,A
0.1604439616203308,0.7294250726699829,-2.7727830342882953e-07,0.22134697437286377,0.7087690830230713,-0.026179883629083633,0.2868204712867737,0.5871703028678894,-0.03396422788500786,0.3211745023727417,0.47416922450065613,-0.039732832461595535,0.33613452315330505,0.37553834915161133,-0.03778453543782234,0.27365440130233765,0.4443892240524292,-0.024643875658512115,0.29951101541519165,0.3528837263584137,-0.05686992406845093,0.28636690974235535,0.4587520658969879,-0.060622379183769226,0.2702191472053528,0.5074455142021179,-0.05657221004366875,0.2297883778810501,0.4353031814098358,-0.026393426582217216,0.25789275765419006,0.35198619961738586,-0.0652543157339096,0.24662862718105316,0.48721686005592346,-0.06693284958600998,0.23556526005268097,0.5191464424133301,-0.05897476524114609,0.18308743834495544,0.440302312374115,-0.0331270769238472,0.20915281772613525,0.385895699262619,-0.08090262860059738,0.2006005048751831,0.524414598941803,-0.06984809786081314,0.1900700330734253,0.5494236350059509,-0.05070032924413681,0.13414855301380157,0.45428597927093506,-0.04056142643094063,0.16775360703468323,0.43086713552474976,-0.0753398910164833,0.16655275225639343,0.5203627347946167,-0.06738145649433136,0.15444587171077728,0.533730685710907,-0.05360271409153938,A
0.842536985874176,0.7056999802589417,-6.991696182012674e-07,0.7670445442199707,0.6725366115570068,-0.03111220896244049,0.6985183358192444,0.5603641867637634,-0.04693235829472542,0.675235390663147,0.4438561201095581,-0.061411138623952866,0.6830206513404846,0.34492358565330505,-0.06970641762018204,0.7344393730163574,0.41587814688682556,-0.013987819664180279,0.7161481380462646,0.34336450695991516,-0.054365020245313644,0.7329962253570557,0.44528019428253174,-0.07417581975460052,0.7474585175514221,0.5298796892166138,-0.08019507676362991,0.7853769063949585,0.4077310264110565,-0.014592808671295643,0.7622199654579163,0.3324434757232666,-0.06081147864460945,0.7764273881912231,0.46407902240753174,-0.07290474325418472,0.7886788249015808,0.5525383949279785,-0.0685630738735199,0.836922287940979,0.4121660590171814,-0.02171054482460022,0.8123610615730286,0.34726205468177795,-0.06932486593723297,0.8192219734191895,0.48282432556152344,-0.06100396439433098,0.8263506293296814,0.5680074691772461,-0.04140681028366089,0.8909778594970703,0.43110373616218567,-0.03114999085664749,0.8609318137168884,0.3764103055000305,-0.06527666747570038,0.8561207056045532,0.475277841091156,-0.05752789229154587,0.8590806126594543,0.5407076478004456,-0.04151531681418419,A
0.1604439616203308,0.7294250726699829,-2.7727830342882953e-07,0.22134697437286377,0.7087690830230713,-0.026179883629083633,0.2868204712867737,0.5871703028678894,-0.03396422788500786,0.3211745023727417,0.47416922450065613,-0.039732832461595535,0.33613452315330505,0.37553834915161133,-0.03778453543782234,0.27365440130233765,0.4443892240524292,-0.024643875658512115,0.29951101541519165,0.3528837263584137,-0.05686992406845093,0.28636690974235535,0.4587520658969879,-0.060622379183769226,0.2702191472053528,0.5074455142021179,-0.05657221004366875,0.2297883778810501,0.4353031814098358,-0.026393426582217216,0.25789275765419006,0.35198619961738586,-0.0652543157339096,0.24662862718105316,0.48721686005592346,-0.06693284958600998,0.23556526005268097,0.5191464424133301,-0.05897476524114609,0.18308743834495544,0.440302312374115,-0.0331270769238472,0.20915281772613525,0.385895699262619,-0.08090262860059738,0.2006005048751831,0.524414598941803,-0.06984809786081314,0.1900700330734253,0.5494236350059509,-0.05070032924413681,0.13414855301380157,0.45428597927093506,-0.04056142643094063,0.16775360703468323,0.43086713552474976,-0.0753398910164833,0.16655275225639343,0.5203627347946167,-0.06738145649433136,0.15444587171077728,0.533730685710907,-0.05360271409153938,A
0.8964923620223999,0.6175819635391235,-5.994787670715596e-07,0.8195003271102905,0.622347354888916,-0.05562853440642357,0.738249659538269,0.5616483092308044,-0.08820856362581253,0.6977002620697021,0.4831984043121338,-0.11433397978544235,0.6882702112197876,0.3801250755786896,-0.13309529423713684,0.7573229670524597,0.3605248034000397,-0.05614599958062172,0.7304612994194031,0.3600286543369293,-0.11319728940725327,0.7674198150634766,0.47392603754997253,-0.14374087750911713,0.8016706705093384,0.5581893920898438,-0.15682370960712433,0.8163776993751526,0.3176228106021881,-0.04968159273266792,0.7890514135360718,0.32586729526519775,-0.11136505007743835,0.8229316473007202,0.4635128974914551,-0.13057464361190796,0.8514144420623779,0.550934910774231,-0.13137686252593994,0.8762072920799255,0.3030238151550293,-0.05068080872297287,0.8541861176490784,0.3328618109226227,-0.11466872692108154,0.8793964385986328,0.472099244594574,-0.11036679148674011,0.8978204727172852,0.5513120293617249,-0.09194931387901306,0.9347834587097168,0.30953487753868103,-0.055852100253105164,0.9146618843078613,0.3423283100128174,-0.10145275294780731,0.9194793701171875,0.44955217838287354,-0.09757508337497711,0.9264425039291382,0.5065536499023438,-0.0829329714179039,A
0.153583824634552,0.5664931535720825,-2.3754763489591824e-08,0.21350403130054474,0.5711191296577454,-0.02433124929666519,0.25389960408210754,0.5285720825195312,-0.04132833704352379,0.27020207047462463,0.45966506004333496,-0.05718709155917168,0.28220197558403015,0.4003296494483948,-0.06838686764240265,0.2528995871543884,0.39499273896217346,-0.032934483140707016,0.2488378882408142,0.3815860450267792,-0.07007942348718643,0.2254580557346344,0.4582344889640808,-0.08648180216550827,0.21893008053302765,0.47989487648010254,-0.09598754346370697,0.2092384696006775,0.36347419023513794,-0.039565831422805786,0.21952682733535767,0.3479241132736206,-0.08930433541536331,0.19747653603553772,0.468940794467926,-0.10007072240114212,0.19108113646507263,0.5162491202354431,-0.0987832099199295,0.16737309098243713,0.36441630125045776,-0.049834366887807846,0.1762663722038269,0.35346055030822754,-0.10085844248533249,0.16091018915176392,0.47142934799194336,-0.09235484898090363,0.15601159632205963,0.5081177949905396,-0.0762401670217514,0.13092470169067383,0.38218244910240173,-0.06130571290850639,0.12721949815750122,0.40602368116378784,-0.09772110730409622,0.1225576400756836,0.4680473804473877,-0.09518085420131683,0.12570998072624207,0.47354018688201904,-0.08674474060535431,A
0.8993279337882996,0.6443174481391907,-5.850315005773155e-07,0.8209711313247681,0.6476057767868042,-0.056613970547914505,0.7395603656768799,0.5726869702339172,-0.08800967782735825,0.7007579803466797,0.4809386730194092,-0.11284299939870834,0.6932902336120605,0.37387609481811523,-0.1294207125902176,0.7596468925476074,0.37231454253196716,-0.053009770810604095,0.7374947667121887,0.35482925176620483,-0.1083633303642273,0.7730662822723389,0.46969640254974365,-0.1358029544353485,0.8050997257232666,0.5532394051551819,-0.14631952345371246,0.8183356523513794,0.3317490518093109,-0.04522207751870155,0.7993565797805786,0.32793867588043213,-0.1047201082110405,0.8320375680923462,0.4700488746166229,-0.12051389366388321,0.8573563098907471,0.5556508302688599,-0.11882653087377548,0.8766360878944397,0.31564614176750183,-0.04538268595933914,0.8644199967384338,0.3337254226207733,-0.10709600150585175,0.8852370381355286,0.47791820764541626,-0.10002516210079193,0.9001547694206238,0.5588932037353516,-0.07990338653326035,0.9342785477638245,0.319825142621994,-0.05012884363532066,0.9215708374977112,0.3390684425830841,-0.09318168461322784,0.924079954624176,0.4515819549560547,-0.08758804947137833,0.9289969801902771,0.5131145119667053,-0.07196260243654251,A
0.166800856590271,0.554402232170105,-1.7098119542424683e-07,0.22823207080364227,0.544954776763916,-0.02000621147453785,0.2572745084762573,0.5043967962265015,-0.031087392941117287,0.2652764618396759,0.4411786198616028,-0.04134788736701012,0.27311426401138306,0.3833887279033661,-0.04664801061153412,0.2643386125564575,0.3886600136756897,-0.015043316408991814,0.25257742404937744,0.3773079812526703,-0.045379165560007095,0.22250115871429443,0.4504395127296448,-0.0558297224342823,0.21162423491477966,0.47796881198883057,-0.06128385290503502,0.22009383141994476,0.3568429946899414,-0.021280363202095032,0.22546613216400146,0.3416236937046051,-0.07169708609580994,0.1903139054775238,0.45583656430244446,-0.0824083611369133,0.17856095731258392,0.5053978562355042,-0.0788651704788208,0.17559009790420532,0.35359272360801697,-0.031120825558900833,0.17428827285766602,0.33468225598335266,-0.08480264246463776,0.14736199378967285,0.44844797253608704,-0.07541219145059586,0.14151813089847565,0.49011847376823425,-0.055924396961927414,0.13203363120555878,0.36566630005836487,-0.04134777560830116,0.11614544689655304,0.36573559045791626,-0.07825276255607605,0.10093463957309723,0.4246794879436493,-0.07330792397260666,0.10439372062683105,0.435129851102829,-0.061686962842941284,A
0.8993279337882996,0.6443174481391907,-5.850315005773155e-07,0.8209711313247681,0.6476057767868042,-0.056613970547914505,0.7395603656768799,0.5726869702339172,-0.08800967782735825,0.7007579803466797,0.4809386730194092,-0.11284299939870834,0.6932902336120605,0.37387609481811523,-0.1294207125902176,0.7596468925476074,0.37231454253196716,-0.053009770810604095,0.7374947667121887,0.35482925176620483,-0.1083633303642273,0.7730662822723389,0.46969640254974365,-0.1358029544353485,0.8050997257232666,0.5532394051551819,-0.14631952345371246,0.8183356523513794,0.3317490518093109,-0.04522207751870155,0.7993565797805786,0.32793867588043213,-0.1047201082110405,0.8320375680923462,0.4700488746166229,-0.12051389366388321,0.8573563098907471,0.5556508302688599,-0.11882653087377548,0.8766360878944397,0.31564614176750183,-0.04538268595933914,0.8644199967384338,0.3337254226207733,-0.10709600150585175,0.8852370381355286,0.47791820764541626,-0.10002516210079193,0.9001547694206238,0.5588932037353516,-0.07990338653326035,0.9342785477638245,0.319825142621994,-0.05012884363532066,0.9215708374977112,0.3390684425830841,-0.09318168461322784,0.924079954624176,0.4515819549560547,-0.08758804947137833,0.9289969801902771,0.5131145119667053,-0.07196260243654251,A
0.166800856590271,0.554402232170105,-1.7098119542424683e-07,0.22823207080364227,0.544954776763916,-0.02000621147453785,0.2572745084762573,0.5043967962265015,-0.031087392941117287,0.2652764618396759,0.4411786198616028,-0.04134788736701012,0.27311426401138306,0.3833887279033661,-0.04664801061153412,0.2643386125564575,0.3886600136756897,-0.015043316408991814,0.25257742404937744,0.3773079812526703,-0.045379165560007095,0.22250115871429443,0.4504395127296448,-0.0558297224342823,0.21162423491477966,0.47796881198883057,-0.06128385290503502,0.22009383141994476,0.3568429946899414,-0.021280363202095032,0.22546613216400146,0.3416236937046051,-0.07169708609580994,0.1903139054775238,0.45583656430244446,-0.0824083611369133,0.17856095731258392,0.5053978562355042,-0.0788651704788208,0.17559009790420532,0.35359272360801697,-0.031120825558900833,0.17428827285766602,0.33468225598335266,-0.08480264246463776,0.14736199378967285,0.44844797253608704,-0.07541219145059586,0.14151813089847565,0.49011847376823425,-0.055924396961927414,0.13203363120555878,0.36566630005836487,-0.04134777560830116,0.11614544689655304,0.36573559045791626,-0.07825276255607605,0.10093463957309723,0.4246794879436493,-0.07330792397260666,0.10439372062683105,0.435129851102829,-0.061686962842941284,A
0.9098519682884216,0.6469823122024536,-6.482705998678284e-07,0.8296647667884827,0.6441460251808167,-0.05307459086179733,0.7478431463241577,0.5643196105957031,-0.08149498701095581,0.7096824049949646,0.4739433526992798,-0.10435868799686432,0.7047266960144043,0.3681519031524658,-0.11925235390663147,0.7706692218780518,0.36107030510902405,-0.0417320616543293,0.743021547794342,0.35395753383636475,-0.09576916694641113,0.7792345881462097,0.4677334427833557,-0.124567411839962,0.8131038546562195,0.5480665564537048,-0.13602100312709808,0.8293006420135498,0.322358638048172,-0.03482643887400627,0.8025540113449097,0.3253554701805115,-0.09274864196777344,0.8350620269775391,0.46199068427085876,-0.11036562919616699,0.862539529800415,0.5456101894378662,-0.10971533507108688,0.8877846598625183,0.3091246783733368,-0.0360989011824131,0.8642602562904358,0.3332369029521942,-0.09548623859882355,0.8873162269592285,0.4714253544807434,-0.09057982265949249,0.906410276889801,0.5490950345993042,-0.07174047082662582,0.9447338581085205,0.31524065136909485,-0.041784949600696564,0.9204353094100952,0.3315734267234802,-0.08226320892572403,0.9253400564193726,0.4376358389854431,-0.07696759700775146,0.9357825517654419,0.4972931146621704,-0.06145066022872925,A
0.1494479477405548,0.5588706135749817,-2.4937776288425084e-07,0.20282305777072906,0.5537208914756775,-0.030498310923576355,0.24353033304214478,0.5021460056304932,-0.04679133743047714,0.25636038184165955,0.4236609935760498,-0.060869261622428894,0.26740989089012146,0.35620835423469543,-0.06943395733833313,0.2505742907524109,0.3777894079685211,-0.02564052864909172,0.2535547912120819,0.34544217586517334,-0.06208314746618271,0.2266339510679245,0.4276447892189026,-0.07553458958864212,0.20868605375289917,0.4689515233039856,-0.08041827380657196,0.20720739662647247,0.34637418389320374,-0.028256148099899292,0.21271711587905884,0.32830843329429626,-0.07754450291395187,0.18525105714797974,0.4509931802749634,-0.08843382447957993,0.17256629467010498,0.5005183219909668,-0.08533474057912827,0.1622019112110138,0.34309154748916626,-0.03611143305897713,0.1649782508611679,0.3293885588645935,-0.09038557857275009,0.14492589235305786,0.44942450523376465,-0.08432483673095703,0.1389564573764801,0.4891130328178406,-0.06760816276073456,0.11731399595737457,0.3581603765487671,-0.045170772820711136,0.10742706060409546,0.3638923466205597,-0.08472782373428345,0.09519897401332855,0.43209734559059143,-0.08259360492229462,0.09471115469932556,0.4433988332748413,-0.07251203060150146,A
0.9179631471633911,0.6530606746673584,-7.308336194000731e-07,0.8402445316314697,0.6509130001068115,-0.04545695334672928,0.7606349587440491,0.5675756931304932,-0.06901303678750992,0.7221888899803162,0.4722505807876587,-0.08850393444299698,0.7158944010734558,0.36729758977890015,-0.10018101334571838,0.7779834866523743,0.3667074739933014,-0.029442979022860527,0.7526148557662964,0.3487005829811096,-0.08064982295036316,0.7882528305053711,0.46194347739219666,-0.1072070524096489,0.8184301853179932,0.5419155359268188,-0.11692549288272858,0.8343653082847595,0.3293769955635071,-0.025234434753656387,0.8079733848571777,0.3234516978263855,-0.07821737974882126,0.8405186533927917,0.4620107114315033,-0.09162519872188568,0.8651588559150696,0.5374688506126404,-0.08823145925998688,0.8927130699157715,0.3171434700489044,-0.029292898252606392,0.8713099956512451,0.32968869805336,-0.08498135954141617,0.8941249847412109,0.4723185896873474,-0.07585632801055908,0.9104189276695251,0.5410826802253723,-0.054687727242708206,0.9510254263877869,0.32442185282707214,-0.03710699453949928,0.928321897983551,0.33472079038619995,-0.07383077591657639,0.9316712617874146,0.4438016414642334,-0.06494604796171188,0.9381181001663208,0.49672335386276245,-0.04751485586166382,A
0.14974448084831238,0.5203720331192017,-1.4017990679349168e-07,0.20013898611068726,0.5307185053825378,-0.03096223808825016,0.24170489609241486,0.490526020526886,-0.05017377436161041,0.2546159029006958,0.42251521348953247,-0.06653425842523575,0.2612404525279999,0.3642175793647766,-0.07778418064117432,0.24381381273269653,0.3631800413131714,-0.04216155409812927,0.2436147779226303,0.3508124351501465,-0.07942888140678406,0.215108722448349,0.43345457315444946,-0.09108533710241318,0.20325833559036255,0.4660332500934601,-0.09526672214269638,0.1960267871618271,0.3344117999076843,-0.045342884957790375,0.20780839025974274,0.3195083439350128,-0.0987953394651413,0.1834927499294281,0.43602505326271057,-0.10946562141180038,0.17165395617485046,0.48752206563949585,-0.10549560189247131,0.15389381349086761,0.33318454027175903,-0.05213845521211624,0.1589229255914688,0.32316136360168457,-0.10600118339061737,0.14078038930892944,0.44180119037628174,-0.09974738210439682,0.1333732306957245,0.48543810844421387,-0.08311596512794495,0.11711367964744568,0.3458118140697479,-0.06034235656261444,0.10503566265106201,0.36903858184814453,-0.09837406873703003,0.0927833616733551,0.43171408772468567,-0.09748944640159607,0.09071207046508789,0.4406636357307434,-0.08886586874723434,A
0.9179631471633911,0.6530606746673584,-7.308336194000731e-07,0.8402445316314697,0.6509130001068115,-0.04545695334672928,0.7606349587440491,0.5675756931304932,-0.06901303678750992,0.7221888899803162,0.4722505807876587,-0.08850393444299698,0.7158944010734558,0.36729758977890015,-0.10018101334571838,0.7779834866523743,0.3667074739933014,-0.029442979022860527,0.7526148557662964,0.3487005829811096,-0.08064982295036316,0.7882528305053711,0.46194347739219666,-0.1072070524096489,0.8184301853179932,0.5419155359268188,-0.11692549288272858,0.8343653082847595,0.3293769955635071,-0.025234434753656387,0.8079733848571777,0.3234516978263855,-0.07821737974882126,0.8405186533927917,0.4620107114315033,-0.09162519872188568,0.8651588559150696,0.5374688506126404,-0.08823145925998688,0.8927130699157715,0.3171434700489044,-0.029292898252606392,0.8713099956512451,0.32968869805336,-0.08498135954141617,0.8941249847412109,0.4723185896873474,-0.07585632801055908,0.9104189276695251,0.5410826802253723,-0.054687727242708206,0.9510254263877869,0.32442185282707214,-0.03710699453949928,0.928321897983551,0.33472079038619995,-0.07383077591657639,0.9316712617874146,0.4438016414642334,-0.06494604796171188,0.9381181001663208,0.49672335386276245,-0.04751485586166382,A
0.14974448084831238,0.5203720331192017,-1.4017990679349168e-07,0.20013898611068726,0.5307185053825378,-0.03096223808825016,0.24170489609241486,0.490526020526886,-0.05017377436161041,0.2546159029006958,0.42251521348953247,-0.06653425842523575,0.2612404525279999,0.3642175793647766,-0.07778418064117432,0.24381381273269653,0.3631800413131714,-0.04216155409812927,0.2436147779226303,0.3508124351501465,-0.07942888140678406,0.215108722448349,0.43345457315444946,-0.09108533710241318,0.20325833559036255,0.4660332500934601,-0.09526672214269638,0.1960267871618271,0.3344117999076843,-0.045342884957790375,0.20780839025974274,0.3195083439350128,-0.0987953394651413,0.1834927499294281,0.43602505326271057,-0.10946562141180038,0.17165395617485046,0.48752206563949585,-0.10549560189247131,0.15389381349086761,0.33318454027175903,-0.05213845521211624,0.1589229255914688,0.32316136360168457,-0.10600118339061737,0.14078038930892944,0.44180119037628174,-0.09974738210439682,0.1333732306957245,0.48543810844421387,-0.08311596512794495,0.11711367964744568,0.3458118140697479,-0.06034235656261444,0.10503566265106201,0.36903858184814453,-0.09837406873703003,0.0927833616733551,0.43171408772468567,-0.09748944640159607,0.09071207046508789,0.4406636357307434,-0.08886586874723434,A
0.9684129953384399,0.570449709892273,-5.733190278078837e-07,0.8901299238204956,0.5890283584594727,-0.055571649223566055,0.8127380609512329,0.5162124037742615,-0.08505484461784363,0.7773985862731934,0.4379454255104065,-0.10756091773509979,0.7724516987800598,0.34481319785118103,-0.12327483296394348,0.8348832130432129,0.3702196180820465,-0.060542263090610504,0.8144621849060059,0.33173617720603943,-0.11160244047641754,0.8435506224632263,0.43736732006073,-0.13560637831687927,0.870762050151825,0.5131626129150391,-0.1450883150100708,0.890296459197998,0.3353387415409088,-0.0524432435631752,0.8696829080581665,0.2981037199497223,-0.1087123304605484,0.8952310085296631,0.4310244917869568,-0.12242782860994339,0.9164602160453796,0.5131820440292358,-0.12066328525543213,0.9438198208808899,0.3190893530845642,-0.05115099623799324,0.9243462681770325,0.3005259037017822,-0.10863552242517471,0.9412036538124084,0.43408334255218506,-0.1006963923573494,0.954186737537384,0.5088733434677124,-0.08201868087053299,0.9950156807899475,0.3176461458206177,-0.05387170985341072,0.9736088514328003,0.31764090061187744,-0.09556631743907928,0.9800872802734375,0.41933533549308777,-0.09057021886110306,0.9892337918281555,0.4736478626728058,-0.07726068794727325,A
0.1372135728597641,0.45662879943847656,-2.1075429401662404e-08,0.18348203599452972,0.46267610788345337,-0.02545792981982231,0.21488754451274872,0.44591182470321655,-0.046030934900045395,0.2225056290626526,0.4023077189922333,-0.06473008543252945,0.22952567040920258,0.3591454327106476,-0.0804748460650444,0.2250121533870697,0.33133652806282043,-0.0445483960211277,0.21471667289733887,0.31826281547546387,-0.07946270704269409,0.1907537579536438,0.39244982600212097,-0.09345134347677231,0.17862781882286072,0.42915305495262146,-0.10078427195549011,0.18276925384998322,0.2976919114589691,-0.05136454850435257,0.18391230702400208,0.29021623730659485,-0.10059899836778641,0.1611865758895874,0.3985200822353363,-0.11328871548175812,0.1484290063381195,0.45222729444503784,-0.11348044872283936,0.14097216725349426,0.29200953245162964,-0.06073589622974396,0.13923770189285278,0.2877485752105713,-0.1140664592385292,0.12100700289011002,0.393752783536911,-0.11321611702442169,0.11269370466470718,0.43986040353775024,-0.10191985964775085,0.10350058972835541,0.30522847175598145,-0.07080439478158951,0.08628962934017181,0.3328786790370941,-0.11319246143102646,0.07542423903942108,0.3936876654624939,-0.11694213002920151,0.0746782124042511,0.4084988236427307,-0.11203909665346146,A
0.06362414360046387,0.7007995843887329,-1.7226761883648578e-07,0.13699515163898468,0.7034692764282227,-0.03951200842857361,0.2151402235031128,0.5689335465431213,-0.04974919185042381,0.2519630193710327,0.4326869249343872,-0.057356007397174835,0.2709614634513855,0.31837332248687744,-0.057710982859134674,0.21001893281936646,0.3813086450099945,-0.018631720915436745,0.21706174314022064,0.2800220549106598,-0.06759674847126007,0.20142515003681183,0.3840106725692749,-0.08857894688844681,0.19179952144622803,0.4526437222957611,-0.09447818994522095,0.1510145217180252,0.35114267468452454,-0.01663130335509777,0.15333783626556396,0.2836708426475525,-0.07251359522342682,0.13931575417518616,0.4329604208469391,-0.08551830798387527,0.13742467761039734,0.4777762293815613,-0.08280221372842789,0.089484803378582,0.34703388810157776,-0.023381249979138374,0.08968786150217056,0.2980003356933594,-0.0841139629483223,0.08368752896785736,0.4463629722595215,-0.07806414365768433,0.08689697086811066,0.49080055952072144,-0.059956006705760956,0.02818933129310608,0.36081579327583313,-0.03260185196995735,0.032747432589530945,0.33034759759902954,-0.07518767565488815,0.03524927794933319,0.4363940358161926,-0.0716107189655304,0.040348127484321594,0.475943386554718,-0.058960363268852234,A
0.9046602845191956,0.6132643222808838,-7.211355068648118e-07,0.827370285987854,0.6256848573684692,-0.053752295672893524,0.7474381923675537,0.5629279613494873,-0.0830647274851799,0.7064518332481384,0.4680858850479126,-0.10539327561855316,0.7012208700180054,0.36154597997665405,-0.11980587244033813,0.7610727548599243,0.33171945810317993,-0.0465007945895195,0.7424833178520203,0.3403574526309967,-0.09353932738304138,0.7792558670043945,0.45556411147117615,-0.11875978857278824,0.8083102703094482,0.5350292325019836,-0.1298138052225113,0.8217044472694397,0.2844172418117523,-0.038484204560518265,0.8061559796333313,0.3131527602672577,-0.08579280227422714,0.835227906703949,0.4514869749546051,-0.09961619228124619,0.8550683856010437,0.5297034382820129,-0.09989694505929947,0.8850480914115906,0.27375328540802,-0.03751542046666145,0.8751007914543152,0.3109389841556549,-0.09109368920326233,0.8938807845115662,0.44976305961608887,-0.08328082412481308,0.9047466516494751,0.5262060761451721,-0.06535604596138,0.9461178183555603,0.28707775473594666,-0.04067561402916908,0.934869647026062,0.3176352083683014,-0.08093888312578201,0.9372082948684692,0.4301309585571289,-0.07387615740299225,0.9404357075691223,0.492706835269928,-0.05792853981256485,A
0.896624743938446,0.5703235864639282,-6.75449371101422e-07,0.819673478603363,0.5692337155342102,-0.049484092742204666,0.7435497045516968,0.505864143371582,-0.07925570756196976,0.7085566520690918,0.4236273765563965,-0.1029694676399231,0.7092966437339783,0.3271287679672241,-0.1194847971200943,0.7684403657913208,0.29128724336624146,-0.04976893961429596,0.750792920589447,0.31239670515060425,-0.09356757253408432,0.7815553545951843,0.4238649010658264,-0.11718301475048065,0.8092769384384155,0.5038503408432007,-0.12822653353214264,0.8277250528335571,0.2521243989467621,-0.04385627061128616,0.8141123056411743,0.29128798842430115,-0.08994263410568237,0.8364768028259277,0.42142999172210693,-0.10429160296916962,0.8553525805473328,0.5035815834999084,-0.10631934553384781,0.886993408203125,0.2454628348350525,-0.04368008300662041,0.877780556678772,0.28414788842201233,-0.0940265879034996,0.8905801773071289,0.41536176204681396,-0.08674748241901398,0.9002969861030579,0.4962711036205292,-0.0706881582736969,0.943585991859436,0.262896865606308,-0.047576654702425,0.9369888305664062,0.2848679721355438,-0.0852096825838089,0.9340529441833496,0.3906726837158203,-0.0782456025481224,0.9336721897125244,0.4548264741897583,-0.06363549083471298,A
0.07108087837696075,0.6821114420890808,-2.1701772823234933e-07,0.14147284626960754,0.6693195104598999,-0.04003949835896492,0.2139570564031601,0.5365711450576782,-0.051847461611032486,0.2464311271905899,0.40397021174430847,-0.05996240675449371,0.2645493149757385,0.2953653931617737,-0.05915679410099983,0.20504650473594666,0.35341203212738037,-0.024936875328421593,0.21713140606880188,0.2572447657585144,-0.06575918197631836,0.20029525458812714,0.36755502223968506,-0.07693325728178024,0.18770985305309296,0.42395633459091187,-0.0771062821149826,0.14849096536636353,0.32910892367362976,-0.02111326903104782,0.1527024507522583,0.26845043897628784,-0.06597524881362915,0.14025665819644928,0.41526153683662415,-0.06976837664842606,0.14151687920093536,0.4400574862957001,-0.06360737234354019,0.09074192494153976,0.3286856710910797,-0.025207575410604477,0.09259314090013504,0.2838057279586792,-0.07523716986179352,0.08998683094978333,0.4256608486175537,-0.06386063992977142,0.09515978395938873,0.45381081104278564,-0.04566779360175133,0.03293871879577637,0.3433177173137665,-0.032050859183073044,0.03739812970161438,0.31787052750587463,-0.06664130836725235,0.04290449619293213,0.418307363986969,-0.06005040556192398,0.04881255328655243,0.44748225808143616,-0.047490425407886505,A
0.896624743938446,0.5703235864639282,-6.75449371101422e-07,0.819673478603363,0.5692337155342102,-0.049484092742204666,0.7435497045516968,0.505864143371582,-0.07925570756196976,0.7085566520690918,0.4236273765563965,-0.1029694676399231,0.7092966437339783,0.3271287679672241,-0.1194847971200943,0.7684403657913208,0.29128724336624146,-0.04976893961429596,0.750792920589447,0.31239670515060425,-0.09356757253408432,0.7815553545951843,0.4238649010658264,-0.11718301475048065,0.8092769384384155,0.5038503408432007,-0.12822653353214264,0.8277250528335571,0.2521243989467621,-0.04385627061128616,0.8141123056411743,0.29128798842430115,-0.08994263410568237,0.8364768028259277,0.42142999172210693,-0.10429160296916962,0.8553525805473328,0.5035815834999084,-0.10631934553384781,0.886993408203125,0.2454628348350525,-0.04368008300662041,0.877780556678772,0.28414788842201233,-0.0940265879034996,0.8905801773071289,0.41536176204681396,-0.08674748241901398,0.9002969861030579,0.4962711036205292,-0.0706881582736969,0.943585991859436,0.262896865606308,-0.047576654702425,0.9369888305664062,0.2848679721355438,-0.0852096825838089,0.9340529441833496,0.3906726837158203,-0.0782456025481224,0.9336721897125244,0.4548264741897583,-0.06363549083471298,A
0.07108087837696075,0.6821114420890808,-2.1701772823234933e-07,0.14147284626960754,0.6693195104598999,-0.04003949835896492,0.2139570564031601,0.5365711450576782,-0.051847461611032486,0.2464311271905899,0.40397021174430847,-0.05996240675449371,0.2645493149757385,0.2953653931617737,-0.05915679410099983,0.20504650473594666,0.35341203212738037,-0.024936875328421593,0.21713140606880188,0.2572447657585144,-0.06575918197631836,0.20029525458812714,0.36755502223968506,-0.07693325728178024,0.18770985305309296,0.42395633459091187,-0.0771062821149826,0.14849096536636353,0.32910892367362976,-0.02111326903104782,0.1527024507522583,0.26845043897628784,-0.06597524881362915,0.14025665819644928,0.41526153683662415,-0.06976837664842606,0.14151687920093536,0.4400574862957001,-0.06360737234354019,0.09074192494153976,0.3286856710910797,-0.025207575410604477,0.09259314090013504,0.2838057279586792,-0.07523716986179352,0.08998683094978333,0.4256608486175537,-0.06386063992977142,0.09515978395938873,0.45381081104278564,-0.04566779360175133,0.03293871879577637,0.3433177173137665,-0.032050859183073044,0.03739812970161438,0.31787052750587463,-0.06664130836725235,0.04290449619293213,0.418307363986969,-0.06005040556192398,0.04881255328655243,0.44748225808143616,-0.047490425407886505,A
0.0799131691455841,0.6536070704460144,-9.594945282742628e-08,0.16204340755939484,0.6331198811531067,-0.03481949865818024,0.22772637009620667,0.5049429535865784,-0.045152124017477036,0.24808749556541443,0.3667981028556824,-0.05245768651366234,0.2594405710697174,0.26606589555740356,-0.05116136372089386,0.20845209062099457,0.3463299572467804,-0.019776146858930588,0.21088381111621857,0.24483510851860046,-0.06051694601774216,0.19747938215732574,0.35942625999450684,-0.07553810626268387,0.19275858998298645,0.4144352674484253,-0.07972032576799393,0.15298867225646973,0.3288753032684326,-0.018885530531406403,0.15466639399528503,0.24821166694164276,-0.06538335978984833,0.1454203724861145,0.3932887613773346,-0.07542086392641068,0.14657922089099884,0.423052579164505,-0.07394775003194809,0.0981115996837616,0.3326074182987213,-0.024982502683997154,0.09672146290540695,0.26866674423217773,-0.07557737827301025,0.0950760766863823,0.4078906178474426,-0.06759851425886154,0.10008784383535385,0.43527013063430786,-0.051270630210638046,0.04309485852718353,0.3456346094608307,-0.0332462415099144,0.04274989664554596,0.30290549993515015,-0.06699303537607193,0.04827067255973816,0.3947227895259857,-0.06110646203160286,0.05313296616077423,0.4225704073905945,-0.049443457275629044,A
0.8957616090774536,0.5904812812805176,-6.598338018193317e-07,0.8196948766708374,0.5732883214950562,-0.05038538947701454,0.7423461079597473,0.48869162797927856,-0.0801524817943573,0.7066311836242676,0.39049166440963745,-0.1040203794836998,0.7133587002754211,0.29202669858932495,-0.11987985670566559,0.776309609413147,0.28946736454963684,-0.0490729883313179,0.751954972743988,0.27895110845565796,-0.09345503896474838,0.7793638110160828,0.39756953716278076,-0.11251144856214523,0.8070207834243774,0.4637487530708313,-0.12029729783535004,0.8341323733329773,0.26331567764282227,-0.04326719790697098,0.814426839351654,0.2580053508281708,-0.09237708151340485,0.8347578048706055,0.398612916469574,-0.10164213180541992,0.8529886603355408,0.466449111700058,-0.09861991554498672,0.8911526203155518,0.2588180601596832,-0.0439678318798542,0.8758584260940552,0.256847083568573,-0.09738942235708237,0.8842160105705261,0.4014960527420044,-0.08524251729249954,0.892347514629364,0.4723817706108093,-0.06460922211408615,0.946316659450531,0.2737746238708496,-0.048552218824625015,0.9324562549591064,0.26274898648262024,-0.08557441830635071,0.9255421757698059,0.37601304054260254,-0.07526478171348572,0.9253559708595276,0.43473756313323975,-0.05806847661733627,A
0.9058996438980103,0.602084755897522,-6.092570288274146e-07,0.8265925645828247,0.5771462321281433,-0.04749714210629463,0.7493131160736084,0.48720329999923706,-0.07188074290752411,0.7155778408050537,0.3766251504421234,-0.09096992015838623,0.7185690402984619,0.2734694182872772,-0.10101744532585144,0.7792207598686218,0.2901243567466736,-0.03321775048971176,0.7555767297744751,0.26317504048347473,-0.07447785139083862,0.7812634110450745,0.3740527033805847,-0.09108772873878479,0.803551197052002,0.4456579089164734,-0.0960417315363884,0.8359252214431763,0.2579161524772644,-0.027070539072155952,0.8140056133270264,0.24454030394554138,-0.07188798487186432,0.8362658619880676,0.3809841573238373,-0.07904070615768433,0.8536152839660645,0.4449903964996338,-0.07416893541812897,0.8916976451873779,0.2523515224456787,-0.028546562418341637,0.872467577457428,0.2427019327878952,-0.07688559591770172,0.881633460521698,0.37902718782424927,-0.06491066515445709,0.8893715143203735,0.44511133432388306,-0.04492931440472603,0.9468308091163635,0.26877522468566895,-0.03416082635521889,0.9265341758728027,0.2519315183162689,-0.06798883527517319,0.9202322363853455,0.35815414786338806,-0.059264738112688065,0.9202862977981567,0.4127923250198364,-0.04369550570845604,A
0.08289745450019836,0.6278899908065796,-8.755918656788708e-08,0.16521070897579193,0.616566002368927,-0.029556382447481155,0.23020349442958832,0.49664801359176636,-0.03920617699623108,0.2486247718334198,0.35676270723342896,-0.045999716967344284,0.26025235652923584,0.2605166435241699,-0.04499015584588051,0.21123544871807098,0.34372031688690186,-0.02221488021314144,0.21598809957504272,0.23829634487628937,-0.05749198794364929,0.2030850052833557,0.35421931743621826,-0.06825333088636398,0.19790330529212952,0.4116164445877075,-0.0707043930888176,0.15776827931404114,0.3299919664859772,-0.02325417660176754,0.16355717182159424,0.24335095286369324,-0.06382216513156891,0.15555064380168915,0.38970187306404114,-0.07062622904777527,0.15336881577968597,0.42470988631248474,-0.06839049607515335,0.10514602065086365,0.33508771657943726,-0.029751164838671684,0.10899018496274948,0.26793694496154785,-0.07537995278835297,0.10825023800134659,0.40829208493232727,-0.06571619212627411,0.11003486067056656,0.4409630000591278,-0.04958765581250191,0.05163341760635376,0.35062822699546814,-0.03772928565740585,0.0606054961681366,0.3097182512283325,-0.06997954100370407,0.06552311778068542,0.40396934747695923,-0.06284430623054504,0.06620711088180542,0.4332467019557953,-0.05083206295967102,A
0.9058996438980103,0.602084755897522,-6.092570288274146e-07,0.8265925645828247,0.5771462321281433,-0.04749714210629463,0.7493131160736084,0.48720329999923706,-0.07188074290752411,0.7155778408050537,0.3766251504421234,-0.09096992015838623,0.7185690402984619,0.2734694182872772,-0.10101744532585144,0.7792207598686218,0.2901243567466736,-0.03321775048971176,0.7555767297744751,0.26317504048347473,-0.07447785139083862,0.7812634110450745,0.3740527033805847,-0.09108772873878479,0.803551197052002,0.4456579089164734,-0.0960417315363884,0.8359252214431763,0.2579161524772644,-0.027070539072155952,0.8140056133270264,0.24454030394554138,-0.07188798487186432,0.8362658619880676,0.3809841573238373,-0.07904070615768433,0.8536152839660645,0.4449903964996338,-0.07416893541812897,0.8916976451873779,0.2523515224456787,-0.028546562418341637,0.872467577457428,0.2427019327878952,-0.07688559591770172,0.881633460521698,0.37902718782424927,-0.06491066515445709,0.8893715143203735,0.44511133432388306,-0.04492931440472603,0.9468308091163635,0.26877522468566895,-0.03416082635521889,0.9265341758728027,0.2519315183162689,-0.06798883527517319,0.9202322363853455,0.35815414786338806,-0.059264738112688065,0.9202862977981567,0.4127923250198364,-0.04369550570845604,A
0.08289745450019836,0.6278899908065796,-8.755918656788708e-08,0.16521070897579193,0.616566002368927,-0.029556382447481155,0.23020349442958832,0.49664801359176636,-0.03920617699623108,0.2486247718334198,0.35676270723342896,-0.045999716967344284,0.26025235652923584,0.2605166435241699,-0.04499015584588051,0.21123544871807098,0.34372031688690186,-0.02221488021314144,0.21598809957504272,0.23829634487628937,-0.05749198794364929,0.2030850052833557,0.35421931743621826,-0.06825333088636398,0.19790330529212952,0.4116164445877075,-0.0707043930888176,0.15776827931404114,0.3299919664859772,-0.02325417660176754,0.16355717182159424,0.24335095286369324,-0.06382216513156891,0.15555064380168915,0.38970187306404114,-0.07062622904777527,0.15336881577968597,0.42470988631248474,-0.06839049607515335,0.10514602065086365,0.33508771657943726,-0.029751164838671684,0.10899018496274948,0.26793694496154785,-0.07537995278835297,0.10825023800134659,0.40829208493232727,-0.06571619212627411,0.11003486067056656,0.4409630000591278,-0.04958765581250191,0.05163341760635376,0.35062822699546814,-0.03772928565740585,0.0606054961681366,0.3097182512283325,-0.06997954100370407,0.06552311778068542,0.40396934747695923,-0.06284430623054504,0.06620711088180542,0.4332467019557953,-0.05083206295967102,A
0.08941113203763962,0.6117186546325684,-1.2912211388993455e-07,0.16222740709781647,0.5905559659004211,-0.02871095947921276,0.2265273630619049,0.46999841928482056,-0.038029998540878296,0.248458594083786,0.3417488932609558,-0.04486965760588646,0.25638994574546814,0.24399764835834503,-0.04373931512236595,0.21015776693820953,0.32143306732177734,-0.019062789157032967,0.2199590802192688,0.22356867790222168,-0.05260973051190376,0.20730188488960266,0.33268144726753235,-0.06126582995057106,0.19978870451450348,0.38237419724464417,-0.061665501445531845,0.16108128428459167,0.3111196756362915,-0.019305091351270676,0.17037484049797058,0.23537202179431915,-0.05931250378489494,0.16257350146770477,0.372915655374527,-0.06552063673734665,0.16077756881713867,0.39859333634376526,-0.06225740164518356,0.11156558245420456,0.3176237642765045,-0.024924393743276596,0.11795579642057419,0.268246054649353,-0.06968943774700165,0.11680039763450623,0.40062224864959717,-0.06098904460668564,0.1177108958363533,0.4225410223007202,-0.04533076658844948,0.060785651206970215,0.3331945240497589,-0.031987037509679794,0.07319404184818268,0.3117653727531433,-0.06232544779777527,0.07723265886306763,0.3990434408187866,-0.05562935024499893,0.07594664394855499,0.4158593416213989,-0.04415421560406685,A
0.9007419347763062,0.5827345252037048,-6.6355079297864e-07,0.8205567002296448,0.5568703413009644,-0.042312514036893845,0.7458752393722534,0.466906875371933,-0.0636940747499466,0.7159214019775391,0.35978877544403076,-0.08065823465585709,0.71878981590271,0.2603718638420105,-0.08987987041473389,0.7741121649742126,0.28064408898353577,-0.027590354904532433,0.7599003314971924,0.25455811619758606,-0.06511151045560837,0.7855328321456909,0.35362371802330017,-0.08251350373029709,0.8039777278900146,0.433016300201416,-0.08844105154275894,0.8289139270782471,0.24570682644844055,-0.023355819284915924,0.8120062351226807,0.2294531762599945,-0.065749891102314,0.8327963352203369,0.36006447672843933,-0.07597070932388306,0.846906840801239,0.4409380853176117,-0.07287231087684631,0.8833637237548828,0.23751869797706604,-0.02570468746125698,0.8708638548851013,0.22956465184688568,-0.06946596503257751,0.8788527250289917,0.35835373401641846,-0.06003508344292641,0.8816312551498413,0.4345638155937195,-0.04223531857132912,0.9357122778892517,0.25251632928848267,-0.03193722292780876,0.9235162734985352,0.23893900215625763,-0.06289060413837433,0.9165413975715637,0.3378101885318756,-0.05468931794166565,0.9111306071281433,0.39668163657188416,-0.03989369049668312,A
0.0875241607427597,0.5984768271446228,-1.6630411892037955e-07,0.16510838270187378,0.5856850147247314,-0.026479704305529594,0.22626222670078278,0.46579593420028687,-0.035928014665842056,0.2467365860939026,0.33795174956321716,-0.04346468299627304,0.25517216324806213,0.2430717945098877,-0.04237227141857147,0.21450327336788177,0.31450366973876953,-0.020611261948943138,0.225679412484169,0.21082477271556854,-0.05512754246592522,0.2104288786649704,0.32907959818840027,-0.06279860436916351,0.20113685727119446,0.37810420989990234,-0.06250592321157455,0.1675509363412857,0.3047405481338501,-0.02217986434698105,0.17705492675304413,0.22210735082626343,-0.06301669031381607,0.1682673990726471,0.3679421544075012,-0.06722713261842728,0.16773581504821777,0.3890672028064728,-0.06257373839616776,0.11914423853158951,0.3105550706386566,-0.029105201363563538,0.12527045607566833,0.261245995759964,-0.07569555193185806,0.121909499168396,0.3997165262699127,-0.06535153836011887,0.1236257553100586,0.41353750228881836,-0.04802641272544861,0.06907574832439423,0.32296377420425415,-0.0372718907892704,0.08297383785247803,0.30465465784072876,-0.06896071135997772,0.08499370515346527,0.39358243346214294,-0.06154293939471245,0.08235915005207062,0.40248817205429077,-0.049300357699394226,A
0.8728520274162292,0.5286390781402588,-6.877647251712915e-07,0.8044759035110474,0.5145519971847534,-0.04282914474606514,0.7415449619293213,0.4306132197380066,-0.06626055389642715,0.7195942997932434,0.3397318124771118,-0.08541684597730637,0.7219769954681396,0.2500453591346741,-0.09799055755138397,0.7718492746353149,0.27175968885421753,-0.038162026554346085,0.7603442668914795,0.23749952018260956,-0.08089589327573776,0.7862458825111389,0.344485878944397,-0.10163958370685577,0.8069393634796143,0.42597392201423645,-0.10942776501178741,0.8260537981987,0.24461278319358826,-0.03487049415707588,0.8132067322731018,0.21396709978580475,-0.08236489444971085,0.8320955038070679,0.34550756216049194,-0.0949014276266098,0.8455302715301514,0.4298020899295807,-0.0936611071228981,0.8787088394165039,0.23744888603687286,-0.03766506165266037,0.8687155246734619,0.20894521474838257,-0.08575562387704849,0.8763382434844971,0.34117066860198975,-0.0757254809141159,0.880067765712738,0.42430588603019714,-0.05743246525526047,0.9280925989151001,0.24881893396377563,-0.04399188235402107,0.919704794883728,0.22750110924243927,-0.07802025228738785,0.9144567251205444,0.3258652091026306,-0.06959608942270279,0.9115577936172485,0.38708367943763733,-0.05476231500506401,A
0.0875241607427597,0.5984768271446228,-1.6630411892037955e-07,0.16510838270187378,0.5856850147247314,-0.026479704305529594,0.22626222670078278,0.46579593420028687,-0.035928014665842056,0.2467365860939026,0.33795174956321716,-0.04346468299627304,0.25517216324806213,0.2430717945098877,-0.04237227141857147,0.21450327336788177,0.31450366973876953,-0.020611261948943138,0.225679412484169,0.21082477271556854,-0.05512754246592522,0.2104288786649704,0.32907959818840027,-0.06279860436916351,0.20113685727119446,0.37810420989990234,-0.06250592321157455,0.1675509363412857,0.3047405481338501,-0.02217986434698105,0.17705492675304413,0.22210735082626343,-0.06301669031381607,0.1682673990726471,0.3679421544075012,-0.06722713261842728,0.16773581504821777,0.3890672028064728,-0.06257373839616776,0.11914423853158951,0.3105550706386566,-0.029105201363563538,0.12527045607566833,0.261245995759964,-0.07569555193185806,0.121909499168396,0.3997165262699127,-0.06535153836011887,0.1236257553100586,0.41353750228881836,-0.04802641272544861,0.06907574832439423,0.32296377420425415,-0.0372718907892704,0.08297383785247803,0.30465465784072876,-0.06896071135997772,0.08499370515346527,0.39358243346214294,-0.06154293939471245,0.08235915005207062,0.40248817205429077,-0.049300357699394226,A
0.8728520274162292,0.5286390781402588,-6.877647251712915e-07,0.8044759035110474,0.5145519971847534,-0.04282914474606514,0.7415449619293213,0.4306132197380066,-0.06626055389642715,0.7195942997932434,0.3397318124771118,-0.08541684597730637,0.7219769954681396,0.2500453591346741,-0.09799055755138397,0.7718492746353149,0.27175968885421753,-0.038162026554346085,0.7603442668914795,0.23749952018260956,-0.08089589327573776,0.7862458825111389,0.344485878944397,-0.10163958370685577,0.8069393634796143,0.42597392201423645,-0.10942776501178741,0.8260537981987,0.24461278319358826,-0.03487049415707588,0.8132067322731018,0.21396709978580475,-0.08236489444971085,0.8320955038070679,0.34550756216049194,-0.0949014276266098,0.8455302715301514,0.4298020899295807,-0.0936611071228981,0.8787088394165039,0.23744888603687286,-0.03766506165266037,0.8687155246734619,0.20894521474838257,-0.08575562387704849,0.8763382434844971,0.34117066860198975,-0.0757254809141159,0.880067765712738,0.42430588603019714,-0.05743246525526047,0.9280925989151001,0.24881893396377563,-0.04399188235402107,0.919704794883728,0.22750110924243927,-0.07802025228738785,0.9144567251205444,0.3258652091026306,-0.06959608942270279,0.9115577936172485,0.38708367943763733,-0.05476231500506401,A
0.10577213019132614,0.5823808908462524,-1.8957487668558315e-07,0.1801663637161255,0.5594931244850159,-0.023545993492007256,0.23680676519870758,0.4449780583381653,-0.030718177556991577,0.2539369463920593,0.32425516843795776,-0.03783421963453293,0.2629368007183075,0.2320381999015808,-0.0389542281627655,0.21979735791683197,0.3037334382534027,-0.011132276616990566,0.23408736288547516,0.20442897081375122,-0.04692143201828003,0.22399170696735382,0.2998368442058563,-0.06050678715109825,0.21239091455936432,0.3571969270706177,-0.06357542425394058,0.17497582733631134,0.2954440712928772,-0.013802955858409405,0.1846291720867157,0.2192312777042389,-0.05612103268504143,0.17855286598205566,0.3469894528388977,-0.06537335366010666,0.17442768812179565,0.3895381987094879,-0.06293091922998428,0.12770181894302368,0.30422982573509216,-0.022411232814192772,0.13485664129257202,0.2541542053222656,-0.0696723610162735,0.1348959356546402,0.37795761227607727,-0.06543011218309402,0.13519346714019775,0.41310614347457886,-0.051167573779821396,0.07834264636039734,0.32249224185943604,-0.03218084201216698,0.09197616577148438,0.29450327157974243,-0.06489906460046768,0.09722546488046646,0.37818649411201477,-0.061524610966444016,0.09822173416614532,0.4054918587207794,-0.051655206829309464,A
0.8878273367881775,0.5386630296707153,-6.123608500274713e-07,0.8141826391220093,0.5281572937965393,-0.04395338147878647,0.7463107109069824,0.442839652299881,-0.06791732460260391,0.72069251537323,0.3446443974971771,-0.08762776851654053,0.7254555821418762,0.25023341178894043,-0.09998290240764618,0.7720164656639099,0.2919510304927826,-0.03934221714735031,0.7667977213859558,0.23685671389102936,-0.08081613481044769,0.7916030287742615,0.3379855751991272,-0.09724733978509903,0.8097771406173706,0.4178096055984497,-0.10173480212688446,0.8250961899757385,0.2660619914531708,-0.03502645343542099,0.8187552690505981,0.21057932078838348,-0.08139058947563171,0.8388064503669739,0.3389023542404175,-0.09040866047143936,0.8509604930877686,0.41608333587646484,-0.08619676530361176,0.8767303824424744,0.25641605257987976,-0.03711293265223503,0.8721171617507935,0.20719173550605774,-0.0830913782119751,0.880277693271637,0.3344806730747223,-0.07206273823976517,0.8831851482391357,0.4058547019958496,-0.0530608668923378,0.9266524314880371,0.26417267322540283,-0.04297216981649399,0.9212528467178345,0.22389177978038788,-0.07388762384653091,0.9167903065681458,0.3157106041908264,-0.06556357443332672,0.9126724600791931,0.36846768856048584,-0.051573410630226135,A
0.11315281689167023,0.5739667415618896,-1.8447776994889864e-07,0.18752364814281464,0.5526365637779236,-0.022584613412618637,0.24283766746520996,0.4373910129070282,-0.030402183532714844,0.2566365897655487,0.31885772943496704,-0.03793864697217941,0.26284509897232056,0.23045212030410767,-0.03952784091234207,0.2260097712278366,0.3019161820411682,-0.017140734940767288,0.24098479747772217,0.20428431034088135,-0.05145295336842537,0.22957347333431244,0.3061505854129791,-0.06248103454709053,0.2154644876718521,0.36237582564353943,-0.06371214985847473,0.1820448637008667,0.2969987392425537,-0.020376337692141533,0.19371767342090607,0.2143966257572174,-0.0636899322271347,0.18672680854797363,0.3486412763595581,-0.07238610833883286,0.17839623987674713,0.399570494890213,-0.06884191930294037,0.1366668939590454,0.3059919774532318,-0.02852771431207657,0.14556211233139038,0.24672836065292358,-0.07529126852750778,0.1447741985321045,0.37765398621559143,-0.07029344141483307,0.14147117733955383,0.42352691292762756,-0.05519039183855057,0.089186891913414,0.32224297523498535,-0.03765587881207466,0.10448135435581207,0.287350058555603,-0.07084284722805023,0.10977549105882645,0.3765406906604767,-0.0674351304769516,0.10897603631019592,0.41273221373558044,-0.0571320615708828,A
0.8900777697563171,0.5466479063034058,-6.50351466902066e-07,0.81842440366745,0.5310876369476318,-0.040163785219192505,0.7524527311325073,0.44808077812194824,-0.061426494270563126,0.7270238399505615,0.3480358421802521,-0.07877811789512634,0.7295286059379578,0.2558765113353729,-0.08909733593463898,0.7765523195266724,0.2923811078071594,-0.03207096830010414,0.7690569758415222,0.24199780821800232,-0.07137901335954666,0.7928824424743652,0.34315940737724304,-0.08743433654308319,0.8090142607688904,0.4209401607513428,-0.09190761297941208,0.8268837332725525,0.26646822690963745,-0.029248375445604324,0.816444993019104,0.21401289105415344,-0.07390228658914566,0.8361924886703491,0.34163105487823486,-0.08309753984212875,0.8473381996154785,0.416742742061615,-0.07872947305440903,0.8767161965370178,0.2590447664260864,-0.03255876898765564,0.8689193725585938,0.21277949213981628,-0.07831963151693344,0.8766885995864868,0.34079423546791077,-0.06722674518823624,0.8781747221946716,0.4123615026473999,-0.047827646136283875,0.925029456615448,0.26945433020591736,-0.039077840745449066,0.9166000485420227,0.22870102524757385,-0.07111667841672897,0.9120681881904602,0.3248007595539093,-0.061829615384340286,0.9073878526687622,0.3816748261451721,-0.04641810804605484,A
0.11315281689167023,0.5739667415618896,-1.8447776994889864e-07,0.18752364814281464,0.5526365637779236,-0.022584613412618637,0.24283766746520996,0.4373910129070282,-0.030402183532714844,0.2566365897655487,0.31885772943496704,-0.03793864697217941,0.26284509897232056,0.23045212030410767,-0.03952784091234207,0.2260097712278366,0.3019161820411682,-0.017140734940767288,0.24098479747772217,0.20428431034088135,-0.05145295336842537,0.22957347333431244,0.3061505854129791,-0.06248103454709053,0.2154644876718521,0.36237582564353943,-0.06371214985847473,0.1820448637008667,0.2969987392425537,-0.020376337692141533,0.19371767342090607,0.2143966257572174,-0.0636899322271347,0.18672680854797363,0.3486412763595581,-0.07238610833883286,0.17839623987674713,0.399570494890213,-0.06884191930294037,0.1366668939590454,0.3059919774532318,-0.02852771431207657,0.14556211233139038,0.24672836065292358,-0.07529126852750778,0.1447741985321045,0.37765398621559143,-0.07029344141483307,0.14147117733955383,0.42352691292762756,-0.05519039183855057,0.089186891913414,0.32224297523498535,-0.03765587881207466,0.10448135435581207,0.287350058555603,-0.07084284722805023,0.10977549105882645,0.3765406906604767,-0.0674351304769516,0.10897603631019592,0.41273221373558044,-0.0571320615708828,A
0.8900777697563171,0.5466479063034058,-6.50351466902066e-07,0.81842440366745,0.5310876369476318,-0.040163785219192505,0.7524527311325073,0.44808077812194824,-0.061426494270563126,0.7270238399505615,0.3480358421802521,-0.07877811789512634,0.7295286059379578,0.2558765113353729,-0.08909733593463898,0.7765523195266724,0.2923811078071594,-0.03207096830010414,0.7690569758415222,0.24199780821800232,-0.07137901335954666,0.7928824424743652,0.34315940737724304,-0.08743433654308319,0.8090142607688904,0.4209401607513428,-0.09190761297941208,0.8268837332725525,0.26646822690963745,-0.029248375445604324,0.816444993019104,0.21401289105415344,-0.07390228658914566,0.8361924886703491,0.34163105487823486,-0.08309753984212875,0.8473381996154785,0.416742742061615,-0.07872947305440903,0.8767161965370178,0.2590447664260864,-0.03255876898765564,0.8689193725585938,0.21277949213981628,-0.07831963151693344,0.8766885995864868,0.34079423546791077,-0.06722674518823624,0.8781747221946716,0.4123615026473999,-0.047827646136283875,0.925029456615448,0.26945433020591736,-0.039077840745449066,0.9166000485420227,0.22870102524757385,-0.07111667841672897,0.9120681881904602,0.3248007595539093,-0.061829615384340286,0.9073878526687622,0.3816748261451721,-0.04641810804605484,A
0.12277034670114517,0.5659546852111816,-1.5004971487542207e-07,0.1983984261751175,0.5325602889060974,-0.016711758449673653,0.25218090415000916,0.4228861927986145,-0.020194752141833305,0.262041836977005,0.30787956714630127,-0.02442099340260029,0.2643447816371918,0.22921885550022125,-0.02285480499267578,0.23058637976646423,0.2990424931049347,-0.003236861666664481,0.2449926733970642,0.20966920256614685,-0.032529547810554504,0.23451575636863708,0.3085252642631531,-0.04320940747857094,0.22297143936157227,0.3602336347103119,-0.045044198632240295,0.1876804083585739,0.29420387744903564,-0.00804988108575344,0.20058095455169678,0.21497412025928497,-0.044161319732666016,0.19620046019554138,0.34360480308532715,-0.05349642038345337,0.1891690343618393,0.38958609104156494,-0.05147238075733185,0.1441297084093094,0.3035670220851898,-0.01740761287510395,0.15134844183921814,0.2406013160943985,-0.05769365280866623,0.1532324254512787,0.36899882555007935,-0.05306525155901909,0.15094074606895447,0.4121842682361603,-0.03915061429142952,0.0972653180360794,0.32004913687705994,-0.027348171919584274,0.11256199330091476,0.27678656578063965,-0.05512537062168121,0.11824905127286911,0.36352530121803284,-0.04933612421154976,0.1156821995973587,0.399732768535614,-0.0378781221807003,A
0.88902348279953,0.5480670928955078,-6.117506927694194e-07,0.8152895569801331,0.5359405279159546,-0.039923686534166336,0.7493792772293091,0.44997653365135193,-0.05954061821103096,0.7255606651306152,0.3505156338214874,-0.07583586126565933,0.7292970418930054,0.26100924611091614,-0.0852808803319931,0.7764402031898499,0.3009072542190552,-0.02792702242732048,0.7679139375686646,0.2473340481519699,-0.06588957458734512,0.7898415327072144,0.34605661034584045,-0.08195638656616211,0.8051354289054871,0.424083411693573,-0.08624294400215149,0.825492799282074,0.27548646926879883,-0.024327190592885017,0.8159787058830261,0.22464673221111298,-0.0686338022351265,0.8341158032417297,0.3496110737323761,-0.0788959190249443,0.8445777297019958,0.4268423318862915,-0.0750950276851654,0.8740159273147583,0.26612424850463867,-0.027129685506224632,0.8680121302604675,0.21618667244911194,-0.0721987709403038,0.8756215572357178,0.34108489751815796,-0.06295498460531235,0.8770584464073181,0.4154384732246399,-0.044698316603899,0.9211415648460388,0.2726766765117645,-0.03326890617609024,0.9146075248718262,0.2305837869644165,-0.06501681357622147,0.911362886428833,0.3231513500213623,-0.057550691068172455,0.9070740938186646,0.3809508681297302,-0.04339708387851715,A
0.12205217778682709,0.540669858455658,-4.122448160615022e-08,0.1976669281721115,0.5272704362869263,-0.024276239797472954,0.25406450033187866,0.42679286003112793,-0.03210091218352318,0.26415228843688965,0.3176768720149994,-0.03883333504199982,0.2648167014122009,0.23784413933753967,-0.039158809930086136,0.23830735683441162,0.2984423339366913,-0.01758904755115509,0.2484510987997055,0.21560998260974884,-0.050971828401088715,0.23758122324943542,0.31526657938957214,-0.06315281242132187,0.2298969179391861,0.36853134632110596,-0.06595159322023392,0.19546085596084595,0.2906060814857483,-0.019671639427542686,0.2040615975856781,0.2172008752822876,-0.06189698725938797,0.19907326996326447,0.347050279378891,-0.07217837125062943,0.19324105978012085,0.39574629068374634,-0.06998521834611893,0.1516011506319046,0.29903677105903625,-0.026294728741049767,0.15744197368621826,0.24377672374248505,-0.07019014656543732,0.15683037042617798,0.3717661499977112,-0.06506890803575516,0.15377768874168396,0.41498684883117676,-0.0503167062997818,0.10690547525882721,0.3142754137516022,-0.03431326523423195,0.11953640729188919,0.29208695888519287,-0.06467820703983307,0.12452507764101028,0.37554463744163513,-0.060694724321365356,0.12363947927951813,0.4057653248310089,-0.049996763467788696,A
0.8843874335289001,0.5471551418304443,-5.833138061461796e-07,0.8158237934112549,0.5349608659744263,-0.0389748252928257,0.7542162537574768,0.44704848527908325,-0.05719155818223953,0.7310069799423218,0.3538195490837097,-0.07170002907514572,0.7307189702987671,0.26855742931365967,-0.07981324940919876,0.7785087823867798,0.31060731410980225,-0.03092695027589798,0.7681184411048889,0.2592349648475647,-0.06939392536878586,0.7927496433258057,0.3563667833805084,-0.08533068746328354,0.8103256821632385,0.42999595403671265,-0.08950258791446686,0.8262675404548645,0.28433242440223694,-0.027785036712884903,0.816373348236084,0.23309609293937683,-0.07289043813943863,0.8361948728561401,0.35441461205482483,-0.08260942250490189,0.8474581241607666,0.4289894998073578,-0.07814472913742065,0.8730491995811462,0.27579715847969055,-0.030652793124318123,0.8675510287284851,0.22929680347442627,-0.07646714895963669,0.8760266304016113,0.35306262969970703,-0.06637943536043167,0.8770104050636292,0.4256197214126587,-0.0472990907728672,0.9174346327781677,0.2813915014266968,-0.036589253693819046,0.9123044013977051,0.24389159679412842,-0.0688079446554184,0.9099386930465698,0.3368142545223236,-0.06041361764073372,0.9051789045333862,0.393710732460022,-0.04545415937900543,A
0.12515634298324585,0.5434663891792297,-1.0176751885637714e-07,0.19927948713302612,0.5302180051803589,-0.018738945946097374,0.2540070712566376,0.4282075762748718,-0.022060329094529152,0.264375239610672,0.31849250197410583,-0.024936337023973465,0.26986587047576904,0.24689540266990662,-0.020574044436216354,0.23703671991825104,0.3092678487300873,-0.009649674408137798,0.24801616370677948,0.22586651146411896,-0.03942263126373291,0.23486705124378204,0.32597988843917847,-0.047363802790641785,0.2254592478275299,0.3709118366241455,-0.04739177227020264,0.1947985589504242,0.29940640926361084,-0.0131269795820117,0.20609749853610992,0.227835550904274,-0.05313730612397194,0.1990479975938797,0.3565813899040222,-0.06135394796729088,0.19224989414215088,0.3953261077404022,-0.05760211497545242,0.1531980335712433,0.30556321144104004,-0.020852699875831604,0.16152046620845795,0.25108474493026733,-0.06385602056980133,0.15885768830776215,0.3813169002532959,-0.0568421296775341,0.1543903797864914,0.4157745838165283,-0.04064038395881653,0.10995383560657501,0.31641823053359985,-0.02939547412097454,0.12581156194210052,0.2973889112472534,-0.05946366488933563,0.12797331809997559,0.38288766145706177,-0.05423765629529953,0.12445706129074097,0.40543222427368164,-0.042493030428886414,A
0.898253858089447,0.5630689859390259,-5.514580152521376e-07,0.8287525177001953,0.5443776845932007,-0.03868882730603218,0.7623289227485657,0.4614013433456421,-0.05697658285498619,0.7329343557357788,0.36545807123184204,-0.07184012979269028,0.7353478670120239,0.277711421251297,-0.0796722024679184,0.7804297208786011,0.31227371096611023,-0.023897886276245117,0.7726730108261108,0.26433342695236206,-0.06000017374753952,0.795673668384552,0.35644108057022095,-0.07561694830656052,0.8125104904174805,0.4280567467212677,-0.08002925664186478,0.8277429342269897,0.2852431535720825,-0.019667252898216248,0.8209373354911804,0.24097493290901184,-0.06085474044084549,0.8392519354820251,0.3584304451942444,-0.06980473548173904,0.8500440120697021,0.42676079273223877,-0.06572193652391434,0.8747898936271667,0.27801749110221863,-0.02189802937209606,0.8696916103363037,0.23664303123950958,-0.06466115266084671,0.8762465119361877,0.35598310828208923,-0.05515375733375549,0.8770335912704468,0.42417389154434204,-0.03705405071377754,0.9202151298522949,0.2886207699775696,-0.027274644002318382,0.9138081669807434,0.24900883436203003,-0.056836534291505814,0.9105963110923767,0.33842387795448303,-0.04854835569858551,0.9066788554191589,0.3917159140110016,-0.03406362235546112,A
0.12515634298324585,0.5434663891792297,-1.0176751885637714e-07,0.19927948713302612,0.5302180051803589,-0.018738945946097374,0.2540070712566376,0.4282075762748718,-0.022060329094529152,0.264375239610672,0.31849250197410583,-0.024936337023973465,0.26986587047576904,0.24689540266990662,-0.020574044436216354,0.23703671991825104,0.3092678487300873,-0.009649674408137798,0.24801616370677948,0.22586651146411896,-0.03942263126373291,0.23486705124378204,0.32597988843917847,-0.047363802790641785,0.2254592478275299,0.3709118366241455,-0.04739177227020264,0.1947985589504242,0.29940640926361084,-0.0131269795820117,0.20609749853610992,0.227835550904274,-0.05313730612397194,0.1990479975938797,0.3565813899040222,-0.06135394796729088,0.19224989414215088,0.3953261077404022,-0.05760211497545242,0.1531980335712433,0.30556321144104004,-0.020852699875831604,0.16152046620845795,0.25108474493026733,-0.06385602056980133,0.15885768830776215,0.3813169002532959,-0.0568421296775341,0.1543903797864914,0.4157745838165283,-0.04064038395881653,0.10995383560657501,0.31641823053359985,-0.02939547412097454,0.12581156194210052,0.2973889112472534,-0.05946366488933563,0.12797331809997559,0.38288766145706177,-0.05423765629529953,0.12445706129074097,0.40543222427368164,-0.042493030428886414,A
0.898253858089447,0.5630689859390259,-5.514580152521376e-07,0.8287525177001953,0.5443776845932007,-0.03868882730603218,0.7623289227485657,0.4614013433456421,-0.05697658285498619,0.7329343557357788,0.36545807123184204,-0.07184012979269028,0.7353478670120239,0.277711421251297,-0.0796722024679184,0.7804297208786011,0.31227371096611023,-0.023897886276245117,0.7726730108261108,0.26433342695236206,-0.06000017374753952,0.795673668384552,0.35644108057022095,-0.07561694830656052,0.8125104904174805,0.4280567467212677,-0.08002925664186478,0.8277429342269897,0.2852431535720825,-0.019667252898216248,0.8209373354911804,0.24097493290901184,-0.06085474044084549,0.8392519354820251,0.3584304451942444,-0.06980473548173904,0.8500440120697021,0.42676079273223877,-0.06572193652391434,0.8747898936271667,0.27801749110221863,-0.02189802937209606,0.8696916103363037,0.23664303123950958,-0.06466115266084671,0.8762465119361877,0.35598310828208923,-0.05515375733375549,0.8770335912704468,0.42417389154434204,-0.03705405071377754,0.9202151298522949,0.2886207699775696,-0.027274644002318382,0.9138081669807434,0.24900883436203003,-0.056836534291505814,0.9105963110923767,0.33842387795448303,-0.04854835569858551,0.9066788554191589,0.3917159140110016,-0.03406362235546112,A
0.8989957571029663,0.5688002705574036,-5.351689651433844e-07,0.8320655226707458,0.5454043745994568,-0.039547476917505264,0.7660330533981323,0.4660869240760803,-0.06070699542760849,0.735287070274353,0.3691021800041199,-0.07745735347270966,0.7434248924255371,0.28390389680862427,-0.0869450494647026,0.7848936319351196,0.3189235031604767,-0.03349915146827698,0.7748659253120422,0.27648624777793884,-0.0664251521229744,0.7995007634162903,0.36715269088745117,-0.0781884491443634,0.8156207203865051,0.4310806095600128,-0.08125762641429901,0.8320322632789612,0.2876562178134918,-0.028271446004509926,0.8241935968399048,0.24780982732772827,-0.06576593965291977,0.844546377658844,0.3643910586833954,-0.0710153803229332,0.8545999526977539,0.42898648977279663,-0.06607059389352798,0.8793382048606873,0.2762000560760498,-0.02849472500383854,0.8743311762809753,0.2460431307554245,-0.06789636611938477,0.8833104968070984,0.36357349157333374,-0.05655007064342499,0.884819746017456,0.4281756579875946,-0.03882066160440445,0.9241253733634949,0.2845837473869324,-0.03200293704867363,0.9188158512115479,0.255475789308548,-0.05955972149968147,0.9186897873878479,0.34378212690353394,-0.05133244767785072,0.9171189665794373,0.3933020830154419,-0.03790212422609329,A
0.12690094113349915,0.5569432973861694,-1.7875910884868063e-07,0.19438518583774567,0.5426788926124573,-0.017701365053653717,0.24980440735816956,0.4379432797431946,-0.021363331004977226,0.2628859579563141,0.32932236790657043,-0.024522272869944572,0.2657124698162079,0.2554052770137787,-0.021213438361883163,0.23311185836791992,0.31467658281326294,-0.011329123750329018,0.2513284683227539,0.23350711166858673,-0.03854064270853996,0.23886102437973022,0.32996371388435364,-0.044123031198978424,0.22480519115924835,0.3742448091506958,-0.042701251804828644,0.19131600856781006,0.30561769008636475,-0.015241643413901329,0.20770834386348724,0.2355683594942093,-0.05114923045039177,0.19929735362529755,0.3604755699634552,-0.057275936007499695,0.19028830528259277,0.3948194086551666,-0.052920568734407425,0.14969013631343842,0.3112080693244934,-0.023013437166810036,0.1621173918247223,0.26013249158859253,-0.06323892623186111,0.15897014737129211,0.38441067934036255,-0.05588024482131004,0.1530655175447464,0.4137673079967499,-0.040562793612480164,0.10610927641391754,0.3230608105659485,-0.031288791447877884,0.12616389989852905,0.29751765727996826,-0.05954664200544357,0.12796364724636078,0.3813978433609009,-0.052940383553504944,0.12197789549827576,0.40316224098205566,-0.041025079786777496,A
0.9185493588447571,0.5968794822692871,-4.987871875528072e-07,0.8491919040679932,0.5577770471572876,-0.03819980472326279,0.7790372371673584,0.4809420704841614,-0.059034399688243866,0.745754599571228,0.386361688375473,-0.07515262812376022,0.759926438331604,0.3102904260158539,-0.08292020857334137,0.7983682155609131,0.29355955123901367,-0.0242314450442791,0.7801843881607056,0.29604318737983704,-0.054917048662900925,0.8049104809761047,0.39182326197624207,-0.06621943414211273,0.8246443271636963,0.42749881744384766,-0.07024629414081573,0.8457730412483215,0.26115190982818604,-0.01908835582435131,0.8282361626625061,0.2708546817302704,-0.05224192515015602,0.8451561331748962,0.38684770464897156,-0.05345679447054863,0.8577801585197449,0.42242294549942017,-0.04692009836435318,0.8932787775993347,0.25523659586906433,-0.02021133527159691,0.8785573840141296,0.2723624110221863,-0.05693191662430763,0.8849614858627319,0.3872973620891571,-0.043435677886009216,0.8909828662872314,0.4276183545589447,-0.02495090663433075,0.9388972520828247,0.27117908000946045,-0.024951178580522537,0.9227311611175537,0.27328699827194214,-0.047189876437187195,0.9186782836914062,0.3631994128227234,-0.03651944920420647,0.9202234148979187,0.40014752745628357,-0.021881138905882835,A
0.11484535783529282,0.5503852367401123,-5.999105923137904e-08,0.18687593936920166,0.5474698543548584,-0.021062660962343216,0.24587903916835785,0.44851943850517273,-0.02687470056116581,0.2650993764400482,0.33396703004837036,-0.031259652227163315,0.2725365161895752,0.25638553500175476,-0.02796781435608864,0.23073479533195496,0.327303022146225,-0.010730326175689697,0.24997714161872864,0.24516375362873077,-0.0373782254755497,0.23708035051822662,0.33970317244529724,-0.04184083640575409,0.22777511179447174,0.3796621263027191,-0.04036858305335045,0.19245748221874237,0.3138897716999054,-0.013198522850871086,0.21336479485034943,0.2455058991909027,-0.045767225325107574,0.2001163810491562,0.3645842671394348,-0.049323078244924545,0.19332700967788696,0.38452816009521484,-0.04477360472083092,0.15357044339179993,0.3143998086452484,-0.020468955859541893,0.1711828112602234,0.27301138639450073,-0.05959353595972061,0.16130949556827545,0.3922235369682312,-0.05151170492172241,0.15500113368034363,0.4034738540649414,-0.0367981493473053,0.11188880354166031,0.3199445903301239,-0.028556177392601967,0.13601168990135193,0.3133617639541626,-0.05634019896388054,0.1326858401298523,0.3886694014072418,-0.0502326674759388,0.12289421260356903,0.38865306973457336,-0.03948075696825981,A
0.9185493588447571,0.5968794822692871,-4.987871875528072e-07,0.8491919040679932,0.5577770471572876,-0.03819980472326279,0.7790372371673584,0.4809420704841614,-0.059034399688243866,0.745754599571228,0.386361688375473,-0.07515262812376022,0.759926438331604,0.3102904260158539,-0.08292020857334137,0.7983682155609131,0.29355955123901367,-0.0242314450442791,0.7801843881607056,0.29604318737983704,-0.054917048662900925,0.8049104809761047,0.39182326197624207,-0.06621943414211273,0.8246443271636963,0.42749881744384766,-0.07024629414081573,0.8457730412483215,0.26115190982818604,-0.01908835582435131,0.8282361626625061,0.2708546817302704,-0.05224192515015602,0.8451561331748962,0.38684770464897156,-0.05345679447054863,0.8577801585197449,0.42242294549942017,-0.04692009836435318,0.8932787775993347,0.25523659586906433,-0.02021133527159691,0.8785573840141296,0.2723624110221863,-0.05693191662430763,0.8849614858627319,0.3872973620891571,-0.043435677886009216,0.8909828662872314,0.4276183545589447,-0.02495090663433075,0.9388972520828247,0.27117908000946045,-0.024951178580522537,0.9227311611175537,0.27328699827194214,-0.047189876437187195,0.9186782836914062,0.3631994128227234,-0.03651944920420647,0.9202234148979187,0.40014752745628357,-0.021881138905882835,A
0.11484535783529282,0.5503852367401123,-5.999105923137904e-08,0.18687593936920166,0.5474698543548584,-0.021062660962343216,0.24587903916835785,0.44851943850517273,-0.02687470056116581,0.2650993764400482,0.33396703004837036,-0.031259652227163315,0.2725365161895752,0.25638553500175476,-0.02796781435608864,0.23073479533195496,0.327303022146225,-0.010730326175689697,0.24997714161872864,0.24516375362873077,-0.0373782254755497,0.23708035051822662,0.33970317244529724,-0.04184083640575409,0.22777511179447174,0.3796621263027191,-0.04036858305335045,0.19245748221874237,0.3138897716999054,-0.013198522850871086,0.21336479485034943,0.2455058991909027,-0.045767225325107574,0.2001163810491562,0.3645842671394348,-0.049323078244924545,0.19332700967788696,0.38452816009521484,-0.04477360472083092,0.15357044339179993,0.3143998086452484,-0.020468955859541893,0.1711828112602234,0.27301138639450073,-0.05959353595972061,0.16130949556827545,0.3922235369682312,-0.05151170492172241,0.15500113368034363,0.4034738540649414,-0.0367981493473053,0.11188880354166031,0.3199445903301239,-0.028556177392601967,0.13601168990135193,0.3133617639541626,-0.05634019896388054,0.1326858401298523,0.3886694014072418,-0.0502326674759388,0.12289421260356903,0.38865306973457336,-0.03948075696825981,A
0.9107198715209961,0.5791501402854919,-5.756619430030696e-07,0.8426045775413513,0.5413193106651306,-0.036411743611097336,0.7776139378547668,0.4751143157482147,-0.057949572801589966,0.7475008368492126,0.39985382556915283,-0.07493411004543304,0.7633942365646362,0.3302931785583496,-0.08389104157686234,0.8094938397407532,0.27672383189201355,-0.02629765123128891,0.7849825024604797,0.3194303810596466,-0.05545712634921074,0.8077051639556885,0.41033935546875,-0.06652861833572388,0.8297579884529114,0.4374968707561493,-0.0712301954627037,0.8541948199272156,0.2430380880832672,-0.022115658968687057,0.8336925506591797,0.307054340839386,-0.05106937885284424,0.847390353679657,0.4105267822742462,-0.05235447734594345,0.8609605431556702,0.43121039867401123,-0.04853399842977524,0.8991771340370178,0.24233728647232056,-0.02368222363293171,0.8809834122657776,0.30210399627685547,-0.05614512786269188,0.8858926892280579,0.40070247650146484,-0.044155146926641464,0.8947889804840088,0.42421138286590576,-0.029636016115546227,0.9432952404022217,0.26363998651504517,-0.029118895530700684,0.9273822903633118,0.2934448719024658,-0.04895956814289093,0.9205874800682068,0.37727606296539307,-0.03954407945275307,0.9219157695770264,0.4045844078063965,-0.027300463989377022,A
0.112189881503582,0.5489830374717712,2.8750655189924146e-08,0.18457701802253723,0.5337017774581909,-0.0253381859511137,0.24308262765407562,0.4411899149417877,-0.03289983421564102,0.2659110426902771,0.34035390615463257,-0.03711520507931709,0.26673829555511475,0.25770431756973267,-0.034203819930553436,0.21907833218574524,0.3144022822380066,-0.018127664923667908,0.24140164256095886,0.24573910236358643,-0.04397328943014145,0.23434661328792572,0.3306230306625366,-0.050083260983228683,0.2294108122587204,0.37503480911254883,-0.0499969944357872,0.18370920419692993,0.30597323179244995,-0.017157604917883873,0.20685189962387085,0.2646196782588959,-0.047389451414346695,0.19649510085582733,0.3713136315345764,-0.05272970721125603,0.19103536009788513,0.387603223323822,-0.05112947151064873,0.1474698781967163,0.31135573983192444,-0.02034747041761875,0.16527554392814636,0.28120625019073486,-0.05369295924901962,0.16128838062286377,0.3864544928073883,-0.04610052332282066,0.15731419622898102,0.4014602303504944,-0.03393982723355293,0.1092274934053421,0.327193021774292,-0.02492024190723896,0.1312561333179474,0.30867940187454224,-0.04639378562569618,0.1344168782234192,0.3789459466934204,-0.03836570680141449,0.12698915600776672,0.38932082056999207,-0.027822062373161316,A
0.11009819060564041,0.5052251815795898,3.7049296963687084e-08,0.186332568526268,0.4504700303077698,1.459632858313853e-05,0.2241925597190857,0.35533443093299866,-0.012201785109937191,0.2354544848203659,0.28002500534057617,-0.028712455183267593,0.2374027669429779,0.2236669659614563,-0.040790654718875885,0.19049634039402008,0.236881285905838,-0.024331694468855858,0.24689790606498718,0.19115445017814636,-0.05393591150641441,0.2377098798751831,0.26594579219818115,-0.06206568703055382,0.21989907324314117,0.3023185729980469,-0.06286359578371048,0.1576792597770691,0.2399567812681198,-0.040174487978219986,0.2318236380815506,0.23993133008480072,-0.07055454701185226,0.21963246166706085,0.32852932810783386,-0.06979692727327347,0.20094367861747742,0.3506377339363098,-0.06470642238855362,0.13010358810424805,0.26548337936401367,-0.05737994983792305,0.20340467989444733,0.2841247022151947,-0.08437330275774002,0.19245998561382294,0.36796313524246216,-0.06849730014801025,0.17073413729667664,0.37975674867630005,-0.052716899663209915,0.10636387765407562,0.3011275827884674,-0.07487840950489044,0.17187172174453735,0.32577019929885864,-0.08870222419500351,0.16884678602218628,0.3771430552005768,-0.07442401349544525,0.14902687072753906,0.3786628544330597,-0.06152541562914848,A
0.9162996411323547,0.5900546312332153,-7.973383162607206e-07,0.8450206518173218,0.50053870677948,-0.013154872693121433,0.8123217821121216,0.39945781230926514,-0.023587526753544807,0.7966748476028442,0.3188945949077606,-0.03772030398249626,0.7796733975410461,0.23920109868049622,-0.046636246144771576,0.8752186298370361,0.21245381236076355,0.019892670214176178,0.7972145676612854,0.23714473843574524,-0.019660091027617455,0.8034266829490662,0.3398534953594208,-0.049754705280065536,0.8281863331794739,0.380964994430542,-0.06551173329353333,0.9056626558303833,0.20933251082897186,0.010099817998707294,0.8167768716812134,0.2521454691886902,-0.029911022633314133,0.8256596922874451,0.36752140522003174,-0.04452890157699585,0.8494938611984253,0.40297040343284607,-0.046046964824199677,0.9328895211219788,0.23150676488876343,-0.006837337743490934,0.8439792990684509,0.27535226941108704,-0.04433093219995499,0.8548991084098816,0.38734787702560425,-0.03786471486091614,0.8787992000579834,0.42339131236076355,-0.024373866617679596,0.9568132758140564,0.276432603597641,-0.026831379160284996,0.8819379210472107,0.30722424387931824,-0.051347021013498306,0.8876039385795593,0.38374388217926025,-0.04618117958307266,0.9105109572410583,0.4092460572719574,-0.03421003371477127,A
0.10960474610328674,0.5342337489128113,-5.193500385303196e-08,0.1812502145767212,0.45173290371894836,0.006994467694312334,0.21057474613189697,0.3397981524467468,-0.0008788997656665742,0.22132818400859833,0.2574268579483032,-0.015020557679235935,0.22767198085784912,0.19410699605941772,-0.024771204218268394,0.15955159068107605,0.21514379978179932,-0.006664297543466091,0.2278759479522705,0.17140421271324158,-0.034796152263879776,0.22408527135849,0.2514716386795044,-0.04559465870261192,0.20639492571353912,0.2874784767627716,-0.0484442338347435,0.13525858521461487,0.22398865222930908,-0.02460508979856968,0.22482642531394958,0.2257097065448761,-0.053227901458740234,0.2133922278881073,0.31402748823165894,-0.054238274693489075,0.18903714418411255,0.33304500579833984,-0.050144147127866745,0.11743346601724625,0.2557259798049927,-0.0442352257668972,0.20515647530555725,0.2726573050022125,-0.06874450296163559,0.19574898481369019,0.3570631444454193,-0.05406583100557327,0.1710263192653656,0.37147393822669983,-0.039082467555999756,0.10332947969436646,0.300579309463501,-0.06375494599342346,0.17829909920692444,0.3137935400009155,-0.07369637489318848,0.1732221096754074,0.37046656012535095,-0.05804237723350525,0.14960993826389313,0.3795924782752991,-0.04456666111946106,A
0.8963643908500671,0.572681725025177,-9.719205991132185e-07,0.8393056392669678,0.4892958104610443,-0.008423864841461182,0.8115450143814087,0.3858909606933594,-0.017636945471167564,0.7995874881744385,0.30130448937416077,-0.03130200132727623,0.7868455648422241,0.2144199013710022,-0.04043108969926834,0.8825017809867859,0.2114768922328949,0.01761115901172161,0.8061716556549072,0.2216266244649887,-0.022361749783158302,0.8062158226966858,0.32595065236091614,-0.050194062292575836,0.8251153826713562,0.3850516974925995,-0.06272118538618088,0.9131348133087158,0.212567999958992,0.006822813767939806,0.8246662616729736,0.23810389637947083,-0.03429045528173447,0.8297272324562073,0.35633254051208496,-0.04761478677392006,0.8489347100257874,0.40820714831352234,-0.04707109555602074,0.9396376013755798,0.23447203636169434,-0.010121663101017475,0.8516889214515686,0.26214367151260376,-0.0484878271818161,0.8591175675392151,0.3769088387489319,-0.04111300781369209,0.8782958984375,0.4268931746482849,-0.025690408423542976,0.9630241394042969,0.2765780985355377,-0.029137035831809044,0.8904296159744263,0.2926742732524872,-0.0539281889796257,0.8912873268127441,0.3685595393180847,-0.04813902825117111,0.9088380336761475,0.40246763825416565,-0.03508280962705612,A
0.10960474610328674,0.5342337489128113,-5.193500385303196e-08,0.1812502145767212,0.45173290371894836,0.006994467694312334,0.21057474613189697,0.3397981524467468,-0.0008788997656665742,0.22132818400859833,0.2574268579483032,-0.015020557679235935,0.22767198085784912,0.19410699605941772,-0.024771204218268394,0.15955159068107605,0.21514379978179932,-0.006664297543466091,0.2278759479522705,0.17140421271324158,-0.034796152263879776,0.22408527135849,0.2514716386795044,-0.04559465870261192,0.20639492571353912,0.2874784767627716,-0.0484442338347435,0.13525858521461487,0.22398865222930908,-0.02460508979856968,0.22482642531394958,0.2257097065448761,-0.053227901458740234,0.2133922278881073,0.31402748823165894,-0.054238274693489075,0.18903714418411255,0.33304500579833984,-0.050144147127866745,0.11743346601724625,0.2557259798049927,-0.0442352257668972,0.20515647530555725,0.2726573050022125,-0.06874450296163559,0.19574898481369019,0.3570631444454193,-0.05406583100557327,0.1710263192653656,0.37147393822669983,-0.039082467555999756,0.10332947969436646,0.300579309463501,-0.06375494599342346,0.17829909920692444,0.3137935400009155,-0.07369637489318848,0.1732221096754074,0.37046656012535095,-0.05804237723350525,0.14960993826389313,0.3795924782752991,-0.04456666111946106,A
0.8963643908500671,0.572681725025177,-9.719205991132185e-07,0.8393056392669678,0.4892958104610443,-0.008423864841461182,0.8115450143814087,0.3858909606933594,-0.017636945471167564,0.7995874881744385,0.30130448937416077,-0.03130200132727623,0.7868455648422241,0.2144199013710022,-0.04043108969926834,0.8825017809867859,0.2114768922328949,0.01761115901172161,0.8061716556549072,0.2216266244649887,-0.022361749783158302,0.8062158226966858,0.32595065236091614,-0.050194062292575836,0.8251153826713562,0.3850516974925995,-0.06272118538618088,0.9131348133087158,0.212567999958992,0.006822813767939806,0.8246662616729736,0.23810389637947083,-0.03429045528173447,0.8297272324562073,0.35633254051208496,-0.04761478677392006,0.8489347100257874,0.40820714831352234,-0.04707109555602074,0.9396376013755798,0.23447203636169434,-0.010121663101017475,0.8516889214515686,0.26214367151260376,-0.0484878271818161,0.8591175675392151,0.3769088387489319,-0.04111300781369209,0.8782958984375,0.4268931746482849,-0.025690408423542976,0.9630241394042969,0.2765780985355377,-0.029137035831809044,0.8904296159744263,0.2926742732524872,-0.0539281889796257,0.8912873268127441,0.3685595393180847,-0.04813902825117111,0.9088380336761475,0.40246763825416565,-0.03508280962705612,A
0.8913590312004089,0.5617439150810242,-1.0554529126238776e-06,0.8358650207519531,0.4906351566314697,-0.0009155672742053866,0.8049583435058594,0.3770521581172943,-0.0032507451251149178,0.7961822152137756,0.288239449262619,-0.01128701027482748,0.7909427881240845,0.20784936845302582,-0.0165351964533329,0.8655239939689636,0.22193416953086853,0.023417159914970398,0.8069127798080444,0.20822501182556152,-0.009402723982930183,0.804653525352478,0.3014010787010193,-0.03159017488360405,0.8193668723106384,0.3661381006240845,-0.040711939334869385,0.9007461667060852,0.22529399394989014,0.010812410153448582,0.8318673372268677,0.22839975357055664,-0.023981604725122452,0.834611177444458,0.3404901623725891,-0.03573041409254074,0.8504783511161804,0.4055721163749695,-0.03447497636079788,0.9335727095603943,0.24279020726680756,-0.0069085280410945415,0.860474705696106,0.253023236989975,-0.041495826095342636,0.8645402789115906,0.3681214451789856,-0.034683044999837875,0.8808870315551758,0.43082544207572937,-0.019691990688443184,0.964989185333252,0.2795097827911377,-0.025552937760949135,0.8984172940254211,0.27456212043762207,-0.04801778495311737,0.8928393125534058,0.3557211458683014,-0.0402962826192379,0.905836284160614,0.4043213725090027,-0.026388447731733322,A
0.11292002350091934,0.5307468175888062,8.858328470751076e-08,0.18952079117298126,0.4599740505218506,-0.001428829855285585,0.21841581165790558,0.35368457436561584,-0.013663320802152157,0.2215847373008728,0.2651972770690918,-0.03069470450282097,0.21368108689785004,0.20132757723331451,-0.04341578483581543,0.16209714114665985,0.2210012674331665,-0.015045040287077427,0.21384935081005096,0.15469233691692352,-0.04362146928906441,0.21817903220653534,0.22502975165843964,-0.05358624458312988,0.20430384576320648,0.2686677575111389,-0.055586617439985275,0.13413123786449432,0.22938120365142822,-0.03119480609893799,0.20767298340797424,0.20003938674926758,-0.061154332011938095,0.2062912881374359,0.29122745990753174,-0.06273381412029266,0.1869068592786789,0.3222705125808716,-0.058377765119075775,0.11268400400876999,0.2606671154499054,-0.04951487109065056,0.19078773260116577,0.25091439485549927,-0.07800577580928802,0.18918341398239136,0.3429860770702362,-0.06397919356822968,0.167377308011055,0.37106820940971375,-0.04818670451641083,0.09534075111150742,0.3054773509502411,-0.06833981722593307,0.16842018067836761,0.3016580045223236,-0.08440594375133514,0.17069734632968903,0.3616064190864563,-0.0704466924071312,0.1515200138092041,0.3829573690891266,-0.056797705590724945,A
0.8951134085655212,0.5640631914138794,-9.979679589378065e-07,0.8342139720916748,0.4975050389766693,-0.005154281854629517,0.7954349517822266,0.3848189413547516,-0.008314928971230984,0.7862892746925354,0.28888821601867676,-0.016831757500767708,0.7918109893798828,0.20653854310512543,-0.02202875353395939,0.855506420135498,0.23333115875720978,0.024843862280249596,0.8051049113273621,0.205725759267807,-0.010653418488800526,0.80702805519104,0.3002440333366394,-0.034790802747011185,0.822268009185791,0.3671550750732422,-0.04468133673071861,0.8918785452842712,0.23437634110450745,0.014336750842630863,0.8333824872970581,0.22247380018234253,-0.023075763136148453,0.8385997414588928,0.3388233780860901,-0.0354805625975132,0.8560191988945007,0.40456992387771606,-0.033572349697351456,0.927774965763092,0.24690844118595123,-0.0024816959630697966,0.8656066060066223,0.24474455416202545,-0.03939519822597504,0.8686343431472778,0.36175334453582764,-0.03264806792140007,0.8846569657325745,0.42548125982284546,-0.016544267535209656,0.9650723338127136,0.27729368209838867,-0.02072584629058838,0.9048882126808167,0.2668149173259735,-0.04392006993293762,0.897449254989624,0.35202935338020325,-0.03659844771027565,0.9095263481140137,0.4019891619682312,-0.02260308712720871,A
0.11707621067762375,0.5420117378234863,5.7910089168444756e-08,0.19085687398910522,0.4648149013519287,0.00011349427950335667,0.21771693229675293,0.3494032621383667,-0.009916854090988636,0.21033678948879242,0.248684823513031,-0.0240381620824337,0.19624631106853485,0.17819960415363312,-0.033357203006744385,0.16813617944717407,0.2378322035074234,-0.014949101023375988,0.2064347267150879,0.1497771441936493,-0.04211198538541794,0.2061961144208908,0.21744894981384277,-0.04869838431477547,0.19022181630134583,0.26367971301078796,-0.04760885238647461,0.1407320201396942,0.24549588561058044,-0.03009304217994213,0.20159608125686646,0.18218478560447693,-0.062325481325387955,0.2017260044813156,0.2733398377895355,-0.06353835761547089,0.1852540820837021,0.3157011568546295,-0.05745804309844971,0.11784328520298004,0.2730569541454315,-0.04672001674771309,0.1825423240661621,0.23546475172042847,-0.07654324918985367,0.179680734872818,0.3282346725463867,-0.06186358258128166,0.16071760654449463,0.36365193128585815,-0.04418909177184105,0.0971638560295105,0.3141024708747864,-0.06327714771032333,0.16140514612197876,0.2932185232639313,-0.07831211388111115,0.1601095199584961,0.352547287940979,-0.06332841515541077,0.14197856187820435,0.37697070837020874,-0.04852532595396042,A
0.8951134085655212,0.5640631914138794,-9.979679589378065e-07,0.8342139720916748,0.4975050389766693,-0.005154281854629517,0.7954349517822266,0.3848189413547516,-0.008314928971230984,0.7862892746925354,0.28888821601867676,-0.016831757500767708,0.7918109893798828,0.20653854310512543,-0.02202875353395939,0.855506420135498,0.23333115875720978,0.024843862280249596,0.8051049113273621,0.205725759267807,-0.010653418488800526,0.80702805519104,0.3002440333366394,-0.034790802747011185,0.822268009185791,0.3671550750732422,-0.04468133673071861,0.8918785452842712,0.23437634110450745,0.014336750842630863,0.8333824872970581,0.22247380018234253,-0.023075763136148453,0.8385997414588928,0.3388233780860901,-0.0354805625975132,0.8560191988945007,0.40456992387771606,-0.033572349697351456,0.927774965763092,0.24690844118595123,-0.0024816959630697966,0.8656066060066223,0.24474455416202545,-0.03939519822597504,0.8686343431472778,0.36175334453582764,-0.03264806792140007,0.8846569657325745,0.42548125982284546,-0.016544267535209656,0.9650723338127136,0.27729368209838867,-0.02072584629058838,0.9048882126808167,0.2668149173259735,-0.04392006993293762,0.897449254989624,0.35202935338020325,-0.03659844771027565,0.9095263481140137,0.4019891619682312,-0.02260308712720871,A
0.11707621067762375,0.5420117378234863,5.7910089168444756e-08,0.19085687398910522,0.4648149013519287,0.00011349427950335667,0.21771693229675293,0.3494032621383667,-0.009916854090988636,0.21033678948879242,0.248684823513031,-0.0240381620824337,0.19624631106853485,0.17819960415363312,-0.033357203006744385,0.16813617944717407,0.2378322035074234,-0.014949101023375988,0.2064347267150879,0.1497771441936493,-0.04211198538541794,0.2061961144208908,0.21744894981384277,-0.04869838431477547,0.19022181630134583,0.26367971301078796,-0.04760885238647461,0.1407320201396942,0.24549588561058044,-0.03009304217994213,0.20159608125686646,0.18218478560447693,-0.062325481325387955,0.2017260044813156,0.2733398377895355,-0.06353835761547089,0.1852540820837021,0.3157011568546295,-0.05745804309844971,0.11784328520298004,0.2730569541454315,-0.04672001674771309,0.1825423240661621,0.23546475172042847,-0.07654324918985367,0.179680734872818,0.3282346725463867,-0.06186358258128166,0.16071760654449463,0.36365193128585815,-0.04418909177184105,0.0971638560295105,0.3141024708747864,-0.06327714771032333,0.16140514612197876,0.2932185232639313,-0.07831211388111115,0.1601095199584961,0.352547287940979,-0.06332841515541077,0.14197856187820435,0.37697070837020874,-0.04852532595396042,A
0.12137888371944427,0.5390312671661377,2.365993445607728e-08,0.17853805422782898,0.48927366733551025,-0.011734573170542717,0.20332221686840057,0.3928813338279724,-0.030262043699622154,0.19481781125068665,0.302985280752182,-0.05059343948960304,0.17194005846977234,0.2411363422870636,-0.06715729832649231,0.1800898015499115,0.26246654987335205,-0.03700245916843414,0.200356125831604,0.14163386821746826,-0.0666976347565651,0.19834089279174805,0.20206625759601593,-0.07468187808990479,0.1848284900188446,0.2545338273048401,-0.07481488585472107,0.15423256158828735,0.26500579714775085,-0.047754064202308655,0.18800252676010132,0.16317905485630035,-0.07841936498880386,0.18780264258384705,0.2430567443370819,-0.07897376269102097,0.173615500330925,0.2861596345901489,-0.07429713755846024,0.1277519315481186,0.28040510416030884,-0.06018578261137009,0.1665271818637848,0.208741694688797,-0.09023401886224747,0.1657157838344574,0.2936989665031433,-0.07783941179513931,0.15048913657665253,0.3352862000465393,-0.06320632249116898,0.10070556402206421,0.3082239329814911,-0.07337292283773422,0.14581631124019623,0.26551082730293274,-0.0943213701248169,0.14905616641044617,0.3235224187374115,-0.08406762033700943,0.13561706244945526,0.3575766980648041,-0.07223233580589294,A
0.8978012800216675,0.5458505153656006,-9.704151580081088e-07,0.8356143236160278,0.49122244119644165,-0.007820626720786095,0.7911437153816223,0.3788684010505676,-0.011965619400143623,0.7814062237739563,0.2824702858924866,-0.02080441825091839,0.7917648553848267,0.2045251727104187,-0.0269632451236248,0.850236177444458,0.2421802580356598,0.01576765812933445,0.8092105388641357,0.19748961925506592,-0.016161056235432625,0.8103806972503662,0.28723329305648804,-0.038345467299222946,0.8224808573722839,0.3628375232219696,-0.0476791113615036,0.8877825736999512,0.24503526091575623,0.006756490096449852,0.8404915928840637,0.21367689967155457,-0.02749224379658699,0.8431946039199829,0.32199645042419434,-0.040204066783189774,0.8555516004562378,0.401300311088562,-0.03946736082434654,0.9263729453086853,0.25852030515670776,-0.007572837173938751,0.8762133121490479,0.23391734063625336,-0.04233621805906296,0.8762651681900024,0.3461475670337677,-0.03697516396641731,0.8879246115684509,0.4210706949234009,-0.022645270451903343,0.9672626256942749,0.28718069195747375,-0.02301655523478985,0.9174352288246155,0.2553085684776306,-0.045898448675870895,0.906204342842102,0.3361606299877167,-0.03805955871939659,0.914027988910675,0.39437395334243774,-0.024424077942967415,A
0.11034970730543137,0.5210740566253662,1.473477055924377e-07,0.18293339014053345,0.458244264125824,-0.00685094203799963,0.21412412822246552,0.360026478767395,-0.020616790279746056,0.20473696291446686,0.29518431425094604,-0.03724278137087822,0.17345532774925232,0.25327152013778687,-0.04964660480618477,0.17247962951660156,0.2125251293182373,-0.022868329659104347,0.19168980419635773,0.12250696122646332,-0.04753319174051285,0.20653927326202393,0.20264360308647156,-0.05433925613760948,0.19880931079387665,0.2588541507720947,-0.0552215501666069,0.13877853751182556,0.2162173092365265,-0.037071991711854935,0.17570313811302185,0.12608715891838074,-0.06534728407859802,0.1926211416721344,0.2332667112350464,-0.0682976096868515,0.18265269696712494,0.28531378507614136,-0.06509086489677429,0.10696647316217422,0.23748239874839783,-0.05275891721248627,0.1527831256389618,0.1925634741783142,-0.08281108736991882,0.16471701860427856,0.30412378907203674,-0.0724286139011383,0.14932847023010254,0.3358158469200134,-0.05880563333630562,0.07709944248199463,0.2760503590106964,-0.06886347383260727,0.1314927488565445,0.26181653141975403,-0.08886981755495071,0.14057007431983948,0.32809942960739136,-0.07703778892755508,0.12029185891151428,0.34191516041755676,-0.0646410882472992,A
0.9001867175102234,0.5281549692153931,-9.3961455149838e-07,0.8341708183288574,0.480812668800354,-0.011443068273365498,0.7868671417236328,0.37374812364578247,-0.017652859911322594,0.7756103873252869,0.2750435471534729,-0.02815192937850952,0.7889151573181152,0.19569405913352966,-0.036038484424352646,0.8483773469924927,0.24787414073944092,0.013176819309592247,0.8148322701454163,0.19242577254772186,-0.018418053165078163,0.8176397681236267,0.2842062711715698,-0.040748778730630875,0.8300227522850037,0.36439621448516846,-0.050301678478717804,0.8872604966163635,0.2484513223171234,0.005589661654084921,0.8510262370109558,0.19991253316402435,-0.02778230793774128,0.8530786037445068,0.30723699927330017,-0.040744904428720474,0.8633819222450256,0.3909139037132263,-0.04043543338775635,0.926872968673706,0.258811891078949,-0.007440141402184963,0.8863531947135925,0.217066690325737,-0.04240931198000908,0.8852490782737732,0.32959064841270447,-0.037447113543748856,0.8950631618499756,0.40972673892974854,-0.023142540827393532,0.9692100882530212,0.2821986675262451,-0.02167586050927639,0.927238404750824,0.2392299473285675,-0.04525706544518471,0.9172326326370239,0.318977952003479,-0.037081029266119,0.9235531091690063,0.38303178548812866,-0.023143567144870758,A
0.11738288402557373,0.5179147720336914,-3.06507388359023e-08,0.18914183974266052,0.44162559509277344,-0.0008483477286063135,0.21689380705356598,0.3213321566581726,-0.003840958932414651,0.21482688188552856,0.23214353621006012,-0.011206141673028469,0.2033655345439911,0.16434159874916077,-0.014363393187522888,0.1740114986896515,0.22214652597904205,-0.005294261034578085,0.18433448672294617,0.10086844861507416,-0.02830110676586628,0.20029111206531525,0.17046910524368286,-0.034974511712789536,0.19441673159599304,0.23162409663200378,-0.034937676042318344,0.14213399589061737,0.23267768323421478,-0.01915782317519188,0.16034075617790222,0.12701186537742615,-0.0473388209939003,0.1803063154220581,0.22914451360702515,-0.05203847214579582,0.17289267480373383,0.2857198119163513,-0.049489282071590424,0.10988792032003403,0.2534026503562927,-0.03525358811020851,0.13679562509059906,0.17748576402664185,-0.06558268517255783,0.15409472584724426,0.2871312201023102,-0.05621013790369034,0.14353018999099731,0.3304014205932617,-0.04259231686592102,0.07572300732135773,0.2828226089477539,-0.05142061412334442,0.11232856661081314,0.23945081233978271,-0.07473991811275482,0.12763524055480957,0.3061929941177368,-0.06619331985712051,0.11404652148485184,0.33087170124053955,-0.054621271789073944,A
0.9068448543548584,0.519655168056488,-8.504924835506245e-07,0.8383387923240662,0.48168182373046875,-0.01493928674608469,0.7855890393257141,0.3744578957557678,-0.021787874400615692,0.7719278931617737,0.27098700404167175,-0.03228500485420227,0.7858839631080627,0.19153925776481628,-0.039625223726034164,0.8372164368629456,0.24843750894069672,0.011578570120036602,0.8128650188446045,0.18252211809158325,-0.02205423079431057,0.8198022246360779,0.2708854377269745,-0.044829968363046646,0.8324388861656189,0.35218173265457153,-0.05408313870429993,0.8796449303627014,0.24753138422966003,0.005034583620727062,0.8527716398239136,0.18309569358825684,-0.030619479715824127,0.8572560548782349,0.2913719415664673,-0.044369183480739594,0.8668891787528992,0.3766489028930664,-0.043384019285440445,0.9237259030342102,0.2567433714866638,-0.007536469958722591,0.8939573764801025,0.19560781121253967,-0.04504963010549545,0.8930646777153015,0.312412828207016,-0.0398063063621521,0.9003089666366577,0.3951490521430969,-0.024098951369524002,0.971297025680542,0.27860283851623535,-0.021484624594449997,0.9374896287918091,0.22144541144371033,-0.046504270285367966,0.9275387525558472,0.30399641394615173,-0.0380219928920269,0.9318766593933105,0.36861342191696167,-0.023422278463840485,A
0.11738288402557373,0.5179147720336914,-3.06507388359023e-08,0.18914183974266052,0.44162559509277344,-0.0008483477286063135,0.21689380705356598,0.3213321566581726,-0.003840958932414651,0.21482688188552856,0.23214353621006012,-0.011206141673028469,0.2033655345439911,0.16434159874916077,-0.014363393187522888,0.1740114986896515,0.22214652597904205,-0.005294261034578085,0.18433448672294617,0.10086844861507416,-0.02830110676586628,0.20029111206531525,0.17046910524368286,-0.034974511712789536,0.19441673159599304,0.23162409663200378,-0.034937676042318344,0.14213399589061737,0.23267768323421478,-0.01915782317519188,0.16034075617790222,0.12701186537742615,-0.0473388209939003,0.1803063154220581,0.22914451360702515,-0.05203847214579582,0.17289267480373383,0.2857198119163513,-0.049489282071590424,0.10988792032003403,0.2534026503562927,-0.03525358811020851,0.13679562509059906,0.17748576402664185,-0.06558268517255783,0.15409472584724426,0.2871312201023102,-0.05621013790369034,0.14353018999099731,0.3304014205932617,-0.04259231686592102,0.07572300732135773,0.2828226089477539,-0.05142061412334442,0.11232856661081314,0.23945081233978271,-0.07473991811275482,0.12763524055480957,0.3061929941177368,-0.06619331985712051,0.11404652148485184,0.33087170124053955,-0.054621271789073944,A
0.9068448543548584,0.519655168056488,-8.504924835506245e-07,0.8383387923240662,0.48168182373046875,-0.01493928674608469,0.7855890393257141,0.3744578957557678,-0.021787874400615692,0.7719278931617737,0.27098700404167175,-0.03228500485420227,0.7858839631080627,0.19153925776481628,-0.039625223726034164,0.8372164368629456,0.24843750894069672,0.011578570120036602,0.8128650188446045,0.18252211809158325,-0.02205423079431057,0.8198022246360779,0.2708854377269745,-0.044829968363046646,0.8324388861656189,0.35218173265457153,-0.05408313870429993,0.8796449303627014,0.24753138422966003,0.005034583620727062,0.8527716398239136,0.18309569358825684,-0.030619479715824127,0.8572560548782349,0.2913719415664673,-0.044369183480739594,0.8668891787528992,0.3766489028930664,-0.043384019285440445,0.9237259030342102,0.2567433714866638,-0.007536469958722591,0.8939573764801025,0.19560781121253967,-0.04504963010549545,0.8930646777153015,0.312412828207016,-0.0398063063621521,0.9003089666366577,0.3951490521430969,-0.024098951369524002,0.971297025680542,0.27860283851623535,-0.021484624594449997,0.9374896287918091,0.22144541144371033,-0.046504270285367966,0.9275387525558472,0.30399641394615173,-0.0380219928920269,0.9318766593933105,0.36861342191696167,-0.023422278463840485,A
0.10867102444171906,0.49665263295173645,-1.3164778067675798e-07,0.18395568430423737,0.43465518951416016,-0.0022627876605838537,0.2169438600540161,0.3126974105834961,-0.001426013419404626,0.2132226675748825,0.2177174836397171,-0.004655842203646898,0.19935332238674164,0.15709927678108215,-0.0040363734588027,0.17951425909996033,0.20908375084400177,0.007790695410221815,0.19432033598423004,0.09881928563117981,-0.012541117146611214,0.20167730748653412,0.1817498654127121,-0.02050917223095894,0.19140101969242096,0.23837260901927948,-0.021692635491490364,0.1436164379119873,0.22042769193649292,-0.0035550324246287346,0.1610884964466095,0.11491641402244568,-0.03182777017354965,0.1740323007106781,0.2307238131761551,-0.04265568405389786,0.1648610532283783,0.2875427305698395,-0.042739056050777435,0.10778431594371796,0.24173060059547424,-0.017503079026937485,0.12790068984031677,0.1616826355457306,-0.04809538275003433,0.14344525337219238,0.2811752259731293,-0.045651908963918686,0.13508257269859314,0.32525336742401123,-0.03531878814101219,0.06899778544902802,0.27050986886024475,-0.031172670423984528,0.09993835538625717,0.2158583104610443,-0.05274412781000137,0.11519477516412735,0.29208457469940186,-0.04625630006194115,0.10587488859891891,0.32484933733940125,-0.03596419468522072,A
0.9172254800796509,0.5082061290740967,-8.245724529842846e-07,0.845697820186615,0.48985183238983154,-0.021063348278403282,0.7849078178405762,0.3842259645462036,-0.029576579108834267,0.7688201069831848,0.2743581235408783,-0.03991951793432236,0.7826768755912781,0.19136644899845123,-0.04605764523148537,0.8264068961143494,0.24979117512702942,0.0009497906430624425,0.8081992864608765,0.1790303885936737,-0.03367318958044052,0.8200451135635376,0.2681531012058258,-0.054034605622291565,0.8322972059249878,0.3517637252807617,-0.06133337691426277,0.871056854724884,0.23922476172447205,-0.002830961486324668,0.8507291674613953,0.17712238430976868,-0.041281986981630325,0.860579788684845,0.29201453924179077,-0.05370267853140831,0.8705117106437683,0.3779466450214386,-0.05104759708046913,0.9169449806213379,0.2421639859676361,-0.012662704102694988,0.8958922624588013,0.1789882928133011,-0.05383026972413063,0.8986169695854187,0.30292537808418274,-0.047287940979003906,0.9036138653755188,0.390289306640625,-0.029572157189249992,0.9654123783111572,0.25837087631225586,-0.02408476360142231,0.9417073726654053,0.20312482118606567,-0.05257020890712738,0.9336506128311157,0.29014670848846436,-0.044383350759744644,0.9335432648658752,0.35688942670822144,-0.029207376763224602,A
0.10028485953807831,0.48566240072250366,-8.421969255323347e-08,0.17425332963466644,0.448159396648407,-0.00942981243133545,0.2235202193260193,0.3234752416610718,-0.010079066269099712,0.22760915756225586,0.2146235704421997,-0.012220659293234348,0.2058723270893097,0.14620302617549896,-0.009358254261314869,0.19253478944301605,0.20925480127334595,-0.004820433910936117,0.20167076587677002,0.10235720872879028,-0.027217334136366844,0.20208461582660675,0.19112053513526917,-0.032401133328676224,0.1914518028497696,0.24776741862297058,-0.03146360442042351,0.15306299924850464,0.21446822583675385,-0.012624363414943218,0.16214393079280853,0.11627691984176636,-0.04334849864244461,0.169857457280159,0.2332657426595688,-0.04963250085711479,0.16248869895935059,0.2874705195426941,-0.046456966549158096,0.1132260411977768,0.23294082283973694,-0.023546770215034485,0.12659811973571777,0.16134905815124512,-0.05697973445057869,0.13777035474777222,0.2809649109840393,-0.052457474172115326,0.13112276792526245,0.3241499066352844,-0.04098094254732132,0.07140503823757172,0.2605457007884979,-0.034778207540512085,0.09817478060722351,0.22040827572345734,-0.0602419450879097,0.10863122344017029,0.29814672470092773,-0.05656871944665909,0.10156653821468353,0.3270917236804962,-0.0481751523911953,A
0.9313951730728149,0.5112931132316589,-7.226828984130407e-07,0.8528058528900146,0.4901528060436249,-0.025147540494799614,0.7883585691452026,0.384168803691864,-0.03533633425831795,0.7686742544174194,0.27654969692230225,-0.046230755746364594,0.7769840359687805,0.19112098217010498,-0.05176903307437897,0.8222907781600952,0.2521980106830597,-0.0014443050604313612,0.8069025874137878,0.18187005817890167,-0.037632908672094345,0.8230876922607422,0.27113813161849976,-0.058323897421360016,0.8369215130805969,0.3506411612033844,-0.06555408239364624,0.8687392473220825,0.23854249715805054,-0.004010408651083708,0.8519541025161743,0.1733693778514862,-0.04513562098145485,0.8658907413482666,0.28963062167167664,-0.057684529572725296,0.8767596483230591,0.3743402361869812,-0.054266490042209625,0.9161476492881775,0.23816636204719543,-0.013146665878593922,0.9002774357795715,0.1762455254793167,-0.05527092516422272,0.9050217866897583,0.29860374331474304,-0.04780024662613869,0.9074589014053345,0.38294875621795654,-0.029268119484186172,0.9651736617088318,0.2500018775463104,-0.024398155510425568,0.9472869634628296,0.19534426927566528,-0.052678320556879044,0.9406121969223022,0.2834000289440155,-0.043523140251636505,0.9367689490318298,0.34882068634033203,-0.027573533356189728,A
0.10028485953807831,0.48566240072250366,-8.421969255323347e-08,0.17425332963466644,0.448159396648407,-0.00942981243133545,0.2235202193260193,0.3234752416610718,-0.010079066269099712,0.22760915756225586,0.2146235704421997,-0.012220659293234348,0.2058723270893097,0.14620302617549896,-0.009358254261314869,0.19253478944301605,0.20925480127334595,-0.004820433910936117,0.20167076587677002,0.10235720872879028,-0.027217334136366844,0.20208461582660675,0.19112053513526917,-0.032401133328676224,0.1914518028497696,0.24776741862297058,-0.03146360442042351,0.15306299924850464,0.21446822583675385,-0.012624363414943218,0.16214393079280853,0.11627691984176636,-0.04334849864244461,0.169857457280159,0.2332657426595688,-0.04963250085711479,0.16248869895935059,0.2874705195426941,-0.046456966549158096,0.1132260411977768,0.23294082283973694,-0.023546770215034485,0.12659811973571777,0.16134905815124512,-0.05697973445057869,0.13777035474777222,0.2809649109840393,-0.052457474172115326,0.13112276792526245,0.3241499066352844,-0.04098094254732132,0.07140503823757172,0.2605457007884979,-0.034778207540512085,0.09817478060722351,0.22040827572345734,-0.0602419450879097,0.10863122344017029,0.29814672470092773,-0.05656871944665909,0.10156653821468353,0.3270917236804962,-0.0481751523911953,A
0.9313951730728149,0.5112931132316589,-7.226828984130407e-07,0.8528058528900146,0.4901528060436249,-0.025147540494799614,0.7883585691452026,0.384168803691864,-0.03533633425831795,0.7686742544174194,0.27654969692230225,-0.046230755746364594,0.7769840359687805,0.19112098217010498,-0.05176903307437897,0.8222907781600952,0.2521980106830597,-0.0014443050604313612,0.8069025874137878,0.18187005817890167,-0.037632908672094345,0.8230876922607422,0.27113813161849976,-0.058323897421360016,0.8369215130805969,0.3506411612033844,-0.06555408239364624,0.8687392473220825,0.23854249715805054,-0.004010408651083708,0.8519541025161743,0.1733693778514862,-0.04513562098145485,0.8658907413482666,0.28963062167167664,-0.057684529572725296,0.8767596483230591,0.3743402361869812,-0.054266490042209625,0.9161476492881775,0.23816636204719543,-0.013146665878593922,0.9002774357795715,0.1762455254793167,-0.05527092516422272,0.9050217866897583,0.29860374331474304,-0.04780024662613869,0.9074589014053345,0.38294875621795654,-0.029268119484186172,0.9651736617088318,0.2500018775463104,-0.024398155510425568,0.9472869634628296,0.19534426927566528,-0.052678320556879044,0.9406121969223022,0.2834000289440155,-0.043523140251636505,0.9367689490318298,0.34882068634033203,-0.027573533356189728,A
0.09695644676685333,0.48673123121261597,-1.706431476122816e-07,0.16603881120681763,0.46216875314712524,-0.01616327092051506,0.2221248745918274,0.3365064263343811,-0.018737373873591423,0.237055242061615,0.21756495535373688,-0.021455498412251472,0.22775276005268097,0.1310039460659027,-0.018420400097966194,0.19817444682121277,0.21620531380176544,-0.011619430966675282,0.20809584856033325,0.10663627088069916,-0.037151455879211426,0.20449970662593842,0.19760918617248535,-0.04244060814380646,0.19406180083751678,0.2566208839416504,-0.04110689088702202,0.1564784049987793,0.21674098074436188,-0.015919147059321404,0.1650887131690979,0.11899742484092712,-0.050617095082998276,0.16630390286445618,0.24446113407611847,-0.055865317583084106,0.157816082239151,0.3000437021255493,-0.051013246178627014,0.11512534320354462,0.23040533065795898,-0.02412596344947815,0.12622781097888947,0.1588970273733139,-0.06181401386857033,0.13206444680690765,0.2840559184551239,-0.05622817948460579,0.1252385973930359,0.33026328682899475,-0.04312945157289505,0.07242894172668457,0.253454327583313,-0.03313805162906647,0.09373840689659119,0.21655642986297607,-0.0628470629453659,0.10074909776449203,0.29823067784309387,-0.06125080585479736,0.09498170018196106,0.3280417323112488,-0.05340404435992241,A
0.9302210211753845,0.509415864944458,-7.04212084201572e-07,0.8514164686203003,0.49025052785873413,-0.027840226888656616,0.7826597690582275,0.388719767332077,-0.03928004577755928,0.7576729655265808,0.2803246080875397,-0.0503266304731369,0.7691674828529358,0.19359393417835236,-0.05536576360464096,0.8173272013664246,0.25899896025657654,-0.007325610611587763,0.8004562258720398,0.17749254405498505,-0.04175356775522232,0.819074273109436,0.26496410369873047,-0.058857642114162445,0.834246814250946,0.34785351157188416,-0.06380520761013031,0.8644195199012756,0.2412705272436142,-0.00792558491230011,0.8480284810066223,0.16579669713974,-0.048421308398246765,0.8648006319999695,0.282329261302948,-0.060405705124139786,0.8757190108299255,0.37071678042411804,-0.05695837736129761,0.9124571084976196,0.2367003709077835,-0.014503641985356808,0.8986349701881409,0.1644304245710373,-0.05639292299747467,0.9055488705635071,0.28942766785621643,-0.04831751435995102,0.9079701900482178,0.3769822120666504,-0.029813073575496674,0.9610782861709595,0.2469208985567093,-0.023358000442385674,0.9485687613487244,0.18348047137260437,-0.05377083644270897,0.9430816769599915,0.273562490940094,-0.04541048780083656,0.938886284828186,0.3419179916381836,-0.029779350385069847,A
0.9348286390304565,0.4966631531715393,-6.74359796448698e-07,0.8574074506759644,0.4922254979610443,-0.03376728296279907,0.7848387956619263,0.3996577262878418,-0.048592377454042435,0.7560825943946838,0.28782323002815247,-0.061570268124341965,0.7685772180557251,0.19497548043727875,-0.06778166443109512,0.8110874891281128,0.260059654712677,-0.014199310913681984,0.7979559302330017,0.17938759922981262,-0.05263165757060051,0.8204657435417175,0.265212744474411,-0.07142189890146255,0.8364582061767578,0.34828871488571167,-0.07715534418821335,0.8605442643165588,0.2363930344581604,-0.01307664718478918,0.847236156463623,0.16621510684490204,-0.05792052671313286,0.8680078983306885,0.2871980369091034,-0.0695594772696495,0.8791308403015137,0.3741198480129242,-0.06530693173408508,0.9095931649208069,0.22841723263263702,-0.01874442584812641,0.9006898403167725,0.16058918833732605,-0.06526568531990051,0.9103640913963318,0.2887411117553711,-0.055346135050058365,0.9121679663658142,0.3760627508163452,-0.03465792536735535,0.9596097469329834,0.23487438261508942,-0.02708732895553112,0.9488670229911804,0.1812775433063507,-0.06003030762076378,0.9459928274154663,0.2746405005455017,-0.05113886296749115,0.9404030442237854,0.3412345349788666,-0.03477943316102028,A
0.08832517266273499,0.4857715964317322,-7.587325256963595e-08,0.17148195207118988,0.4503313899040222,-0.012981451116502285,0.22759243845939636,0.3323815166950226,-0.016945989802479744,0.2447020262479782,0.22044897079467773,-0.022872786968946457,0.23468297719955444,0.13468386232852936,-0.02416231669485569,0.21024399995803833,0.2331661432981491,-0.0026184015441685915,0.21264788508415222,0.12255062162876129,-0.028615301474928856,0.20533522963523865,0.20193152129650116,-0.03894519805908203,0.20214708149433136,0.2522813379764557,-0.042524226009845734,0.1649940311908722,0.22508826851844788,-0.009693644940853119,0.17176838219165802,0.1278412938117981,-0.04601837322115898,0.16709697246551514,0.248648002743721,-0.05710860714316368,0.16088813543319702,0.3033050000667572,-0.05659947544336319,0.12089062482118607,0.23605862259864807,-0.020327409729361534,0.1284582018852234,0.15996237099170685,-0.05691659823060036,0.13088199496269226,0.280853271484375,-0.055018018931150436,0.12559477984905243,0.32916730642318726,-0.04461931809782982,0.07617445290088654,0.25637486577033997,-0.03179619833827019,0.09173193573951721,0.21745795011520386,-0.05821722745895386,0.09810484945774078,0.2914736568927765,-0.057470355182886124,0.09617093205451965,0.3230053186416626,-0.05079447850584984,A
0.9348286390304565,0.4966631531715393,-6.74359796448698e-07,0.8574074506759644,0.4922254979610443,-0.03376728296279907,0.7848387956619263,0.3996577262878418,-0.048592377454042435,0.7560825943946838,0.28782323002815247,-0.061570268124341965,0.7685772180557251,0.19497548043727875,-0.06778166443109512,0.8110874891281128,0.260059654712677,-0.014199310913681984,0.7979559302330017,0.17938759922981262,-0.05263165757060051,0.8204657435417175,0.265212744474411,-0.07142189890146255,0.8364582061767578,0.34828871488571167,-0.07715534418821335,0.8605442643165588,0.2363930344581604,-0.01307664718478918,0.847236156463623,0.16621510684490204,-0.05792052671313286,0.8680078983306885,0.2871980369091034,-0.0695594772696495,0.8791308403015137,0.3741198480129242,-0.06530693173408508,0.9095931649208069,0.22841723263263702,-0.01874442584812641,0.9006898403167725,0.16058918833732605,-0.06526568531990051,0.9103640913963318,0.2887411117553711,-0.055346135050058365,0.9121679663658142,0.3760627508163452,-0.03465792536735535,0.9596097469329834,0.23487438261508942,-0.02708732895553112,0.9488670229911804,0.1812775433063507,-0.06003030762076378,0.9459928274154663,0.2746405005455017,-0.05113886296749115,0.9404030442237854,0.3412345349788666,-0.03477943316102028,A
0.08832517266273499,0.4857715964317322,-7.587325256963595e-08,0.17148195207118988,0.4503313899040222,-0.012981451116502285,0.22759243845939636,0.3323815166950226,-0.016945989802479744,0.2447020262479782,0.22044897079467773,-0.022872786968946457,0.23468297719955444,0.13468386232852936,-0.02416231669485569,0.21024399995803833,0.2331661432981491,-0.0026184015441685915,0.21264788508415222,0.12255062162876129,-0.028615301474928856,0.20533522963523865,0.20193152129650116,-0.03894519805908203,0.20214708149433136,0.2522813379764557,-0.042524226009845734,0.1649940311908722,0.22508826851844788,-0.009693644940853119,0.17176838219165802,0.1278412938117981,-0.04601837322115898,0.16709697246551514,0.248648002743721,-0.05710860714316368,0.16088813543319702,0.3033050000667572,-0.05659947544336319,0.12089062482118607,0.23605862259864807,-0.020327409729361534,0.1284582018852234,0.15996237099170685,-0.05691659823060036,0.13088199496269226,0.280853271484375,-0.055018018931150436,0.12559477984905243,0.32916730642318726,-0.04461931809782982,0.07617445290088654,0.25637486577033997,-0.03179619833827019,0.09173193573951721,0.21745795011520386,-0.05821722745895386,0.09810484945774078,0.2914736568927765,-0.057470355182886124,0.09617093205451965,0.3230053186416626,-0.05079447850584984,A
0.9308271408081055,0.49747389554977417,-6.223182822395756e-07,0.8538928031921387,0.48831385374069214,-0.038382261991500854,0.7806838154792786,0.3980295658111572,-0.05509371683001518,0.7503777146339417,0.28729796409606934,-0.06860893964767456,0.7645233869552612,0.19368602335453033,-0.07465313374996185,0.8062882423400879,0.2633909285068512,-0.020203690975904465,0.7982118725776672,0.17826808989048004,-0.05611654743552208,0.8220239877700806,0.2644711136817932,-0.07213525474071503,0.837765634059906,0.3467261493206024,-0.0768808126449585,0.856204628944397,0.23635604977607727,-0.01663460209965706,0.8491014838218689,0.16068318486213684,-0.06051259487867355,0.8695766925811768,0.2819206118583679,-0.07151652127504349,0.8780313730239868,0.3729109764099121,-0.06743493676185608,0.9044020175933838,0.22686196863651276,-0.019611265510320663,0.9021293520927429,0.15344254672527313,-0.06667447835206985,0.9106519222259521,0.28066354990005493,-0.05711699649691582,0.9098927974700928,0.3735355734825134,-0.036862000823020935,0.9524704813957214,0.2346695065498352,-0.025489211082458496,0.9497427940368652,0.17462359368801117,-0.06156424805521965,0.9471420049667358,0.26846230030059814,-0.054355233907699585,0.9393620491027832,0.34207838773727417,-0.03884503245353699,A
0.08787445724010468,0.49141308665275574,-3.839880236000681e-08,0.17018461227416992,0.4639545679092407,-0.017069581896066666,0.23279969394207,0.34288233518600464,-0.021703636273741722,0.24992713332176208,0.225882887840271,-0.026598619297146797,0.2415471225976944,0.138253852725029,-0.025960231199860573,0.20764493942260742,0.22623062133789062,-0.01228210050612688,0.20947293937206268,0.12579311430454254,-0.04035547748208046,0.20301362872123718,0.2190937101840973,-0.05067359656095505,0.20211614668369293,0.26546433568000793,-0.054295070469379425,0.15934810042381287,0.21661768853664398,-0.017939988523721695,0.1680343896150589,0.12296034395694733,-0.05472620949149132,0.16672071814537048,0.251371294260025,-0.0646306648850441,0.16134196519851685,0.301580011844635,-0.06380894780158997,0.11327803134918213,0.22829076647758484,-0.027234641835093498,0.12319093197584152,0.15054069459438324,-0.06499703228473663,0.12873435020446777,0.2805090546607971,-0.06102336198091507,0.12302561849355698,0.32748496532440186,-0.049341920763254166,0.06860683858394623,0.24829484522342682,-0.037539999932050705,0.08808395266532898,0.20744507014751434,-0.06514029204845428,0.09570078551769257,0.28478628396987915,-0.06295810639858246,0.09108284115791321,0.31388160586357117,-0.05517745390534401,A
0.9272255301475525,0.4954420328140259,-5.420499746833229e-07,0.8531683087348938,0.481253445148468,-0.043183334171772,0.7824033498764038,0.39750292897224426,-0.06350955367088318,0.7517335414886475,0.29082104563713074,-0.07988332211971283,0.7657422423362732,0.19626572728157043,-0.08858729153871536,0.8057488799095154,0.24977238476276398,-0.023335782811045647,0.7973591089248657,0.17814841866493225,-0.06024559214711189,0.8227025866508484,0.2600284814834595,-0.0774257630109787,0.8392905592918396,0.3438664972782135,-0.08256104588508606,0.8566022515296936,0.2216850370168686,-0.017079710960388184,0.8510487675666809,0.15908941626548767,-0.06236627697944641,0.8709273934364319,0.27694952487945557,-0.07620776444673538,0.8784285187721252,0.3696739673614502,-0.07405255734920502,0.9061182737350464,0.2120172381401062,-0.017588624730706215,0.9050418734550476,0.15245598554611206,-0.06589671969413757,0.9133101105690002,0.2746303081512451,-0.060038935393095016,0.9110389351844788,0.36870089173316956,-0.041990213096141815,0.95358806848526,0.22034963965415955,-0.021219579502940178,0.9507941603660583,0.1685827076435089,-0.05816926807165146,0.9494416117668152,0.25623083114624023,-0.05322270840406418,0.9423500299453735,0.3265843987464905,-0.0389898456633091,A
0.09762232005596161,0.49157199263572693,-9.33444113115911e-08,0.1758590042591095,0.4498389959335327,-0.013481134548783302,0.23150323331356049,0.3410491943359375,-0.019671279937028885,0.2508416771888733,0.23317363858222961,-0.02676284685730934,0.24394020438194275,0.14263519644737244,-0.0293866079300642,0.21355706453323364,0.23751449584960938,-0.0079811355099082,0.21372763812541962,0.13068579137325287,-0.035049647092819214,0.20244349539279938,0.2155984342098236,-0.04771089926362038,0.2021900713443756,0.2623969614505768,-0.05378583073616028,0.16815918684005737,0.23101453483104706,-0.013704081997275352,0.17263911664485931,0.1391204446554184,-0.04828617721796036,0.16352799534797668,0.25822702050209045,-0.0588495135307312,0.15782210230827332,0.30226418375968933,-0.06023264676332474,0.12358666956424713,0.2451135665178299,-0.022335009649395943,0.12568791210651398,0.17188440263271332,-0.055309638381004333,0.12428918480873108,0.28519612550735474,-0.049760233610868454,0.1191062331199646,0.3261174261569977,-0.03919360414147377,0.08067971467971802,0.2657688558101654,-0.03173293173313141,0.09045712649822235,0.2196100652217865,-0.053586870431900024,0.09411117434501648,0.2902732789516449,-0.04855535551905632,0.0918608158826828,0.31925323605537415,-0.0403217077255249,A
0.9272255301475525,0.4954420328140259,-5.420499746833229e-07,0.8531683087348938,0.481253445148468,-0.043183334171772,0.7824033498764038,0.39750292897224426,-0.06350955367088318,0.7517335414886475,0.29082104563713074,-0.07988332211971283,0.7657422423362732,0.19626572728157043,-0.08858729153871536,0.8057488799095154,0.24977238476276398,-0.023335782811045647,0.7973591089248657,0.17814841866493225,-0.06024559214711189,0.8227025866508484,0.2600284814834595,-0.0774257630109787,0.8392905592918396,0.3438664972782135,-0.08256104588508606,0.8566022515296936,0.2216850370168686,-0.017079710960388184,0.8510487675666809,0.15908941626548767,-0.06236627697944641,0.8709273934364319,0.27694952487945557,-0.07620776444673538,0.8784285187721252,0.3696739673614502,-0.07405255734920502,0.9061182737350464,0.2120172381401062,-0.017588624730706215,0.9050418734550476,0.15245598554611206,-0.06589671969413757,0.9133101105690002,0.2746303081512451,-0.060038935393095016,0.9110389351844788,0.36870089173316956,-0.041990213096141815,0.95358806848526,0.22034963965415955,-0.021219579502940178,0.9507941603660583,0.1685827076435089,-0.05816926807165146,0.9494416117668152,0.25623083114624023,-0.05322270840406418,0.9423500299453735,0.3265843987464905,-0.0389898456633091,A
0.09762232005596161,0.49157199263572693,-9.33444113115911e-08,0.1758590042591095,0.4498389959335327,-0.013481134548783302,0.23150323331356049,0.3410491943359375,-0.019671279937028885,0.2508416771888733,0.23317363858222961,-0.02676284685730934,0.24394020438194275,0.14263519644737244,-0.0293866079300642,0.21355706453323364,0.23751449584960938,-0.0079811355099082,0.21372763812541962,0.13068579137325287,-0.035049647092819214,0.20244349539279938,0.2155984342098236,-0.04771089926362038,0.2021900713443756,0.2623969614505768,-0.05378583073616028,0.16815918684005737,0.23101453483104706,-0.013704081997275352,0.17263911664485931,0.1391204446554184,-0.04828617721796036,0.16352799534797668,0.25822702050209045,-0.0588495135307312,0.15782210230827332,0.30226418375968933,-0.06023264676332474,0.12358666956424713,0.2451135665178299,-0.022335009649395943,0.12568791210651398,0.17188440263271332,-0.055309638381004333,0.12428918480873108,0.28519612550735474,-0.049760233610868454,0.1191062331199646,0.3261174261569977,-0.03919360414147377,0.08067971467971802,0.2657688558101654,-0.03173293173313141,0.09045712649822235,0.2196100652217865,-0.053586870431900024,0.09411117434501648,0.2902732789516449,-0.04855535551905632,0.0918608158826828,0.31925323605537415,-0.0403217077255249,A
0.08927315473556519,0.5158005356788635,2.0630201547078286e-08,0.17409752309322357,0.4868975877761841,-0.02132887952029705,0.23037469387054443,0.36616140604019165,-0.028476817533373833,0.2492286115884781,0.24518844485282898,-0.03574706241488457,0.24285084009170532,0.1485794633626938,-0.03711935132741928,0.20022548735141754,0.23604297637939453,-0.009421849623322487,0.20526312291622162,0.13699236512184143,-0.04173019155859947,0.1976185142993927,0.23758728802204132,-0.05587151646614075,0.1933266669511795,0.2803305983543396,-0.061485711485147476,0.15357598662376404,0.2240128517150879,-0.013139134272933006,0.16321298480033875,0.13420720398426056,-0.054395969957113266,0.16065536439418793,0.2619726061820984,-0.06895513832569122,0.15319034457206726,0.3004310131072998,-0.07050032913684845,0.10807806253433228,0.2371322512626648,-0.021276719868183136,0.11465571820735931,0.16259664297103882,-0.0627451092004776,0.1206817626953125,0.2877597510814667,-0.06017662212252617,0.11595462262630463,0.32147136330604553,-0.04822308197617531,0.06266237795352936,0.2583373486995697,-0.03059479407966137,0.07833163440227509,0.21642717719078064,-0.05877327173948288,0.08815255761146545,0.29291531443595886,-0.055622730404138565,0.08625206351280212,0.31885722279548645,-0.0466020405292511,A
0.9149471521377563,0.4996504783630371,-6.175288262966205e-07,0.8426786065101624,0.47645771503448486,-0.03937670588493347,0.7762316465377808,0.3906668424606323,-0.06243881583213806,0.7543870806694031,0.2875296473503113,-0.08327753096818924,0.7698405981063843,0.19320553541183472,-0.09829485416412354,0.8072066903114319,0.23435018956661224,-0.024819254875183105,0.8023347854614258,0.1751130223274231,-0.06540784984827042,0.8243791460990906,0.2744751572608948,-0.08878898620605469,0.8420722484588623,0.36338627338409424,-0.0985284298658371,0.8584858775138855,0.2111319750547409,-0.022699372842907906,0.8535259366035461,0.1534218043088913,-0.06805657595396042,0.871743381023407,0.2774294316768646,-0.0839957669377327,0.8824535012245178,0.37414830923080444,-0.08446947485208511,0.9084898233413696,0.20519305765628815,-0.027108976617455482,0.9054758548736572,0.15138956904411316,-0.07432374358177185,0.9130024909973145,0.2795546054840088,-0.06977293640375137,0.9150333404541016,0.37492889165878296,-0.053894225507974625,0.9564676284790039,0.2153736799955368,-0.0346800796687603,0.9493427276611328,0.1639997512102127,-0.0705084577202797,0.9463667869567871,0.25863105058670044,-0.06543373316526413,0.9440520405769348,0.3337628245353699,-0.05186493322253227,A
0.08927315473556519,0.5158005356788635,2.0630201547078286e-08,0.17409752309322357,0.4868975877761841,-0.02132887952029705,0.23037469387054443,0.36616140604019165,-0.028476817533373833,0.2492286115884781,0.24518844485282898,-0.03574706241488457,0.24285084009170532,0.1485794633626938,-0.03711935132741928,0.20022548735141754,0.23604297637939453,-0.009421849623322487,0.20526312291622162,0.13699236512184143,-0.04173019155859947,0.1976185142993927,0.23758728802204132,-0.05587151646614075,0.1933266669511795,0.2803305983543396,-0.061485711485147476,0.15357598662376404,0.2240128517150879,-0.013139134272933006,0.16321298480033875,0.13420720398426056,-0.054395969957113266,0.16065536439418793,0.2619726061820984,-0.06895513832569122,0.15319034457206726,0.3004310131072998,-0.07050032913684845,0.10807806253433228,0.2371322512626648,-0.021276719868183136,0.11465571820735931,0.16259664297103882,-0.0627451092004776,0.1206817626953125,0.2877597510814667,-0.06017662212252617,0.11595462262630463,0.32147136330604553,-0.04822308197617531,0.06266237795352936,0.2583373486995697,-0.03059479407966137,0.07833163440227509,0.21642717719078064,-0.05877327173948288,0.08815255761146545,0.29291531443595886,-0.055622730404138565,0.08625206351280212,0.31885722279548645,-0.0466020405292511,A
0.9149471521377563,0.4996504783630371,-6.175288262966205e-07,0.8426786065101624,0.47645771503448486,-0.03937670588493347,0.7762316465377808,0.3906668424606323,-0.06243881583213806,0.7543870806694031,0.2875296473503113,-0.08327753096818924,0.7698405981063843,0.19320553541183472,-0.09829485416412354,0.8072066903114319,0.23435018956661224,-0.024819254875183105,0.8023347854614258,0.1751130223274231,-0.06540784984827042,0.8243791460990906,0.2744751572608948,-0.08878898620605469,0.8420722484588623,0.36338627338409424,-0.0985284298658371,0.8584858775138855,0.2111319750547409,-0.022699372842907906,0.8535259366035461,0.1534218043088913,-0.06805657595396042,0.871743381023407,0.2774294316768646,-0.0839957669377327,0.8824535012245178,0.37414830923080444,-0.08446947485208511,0.9084898233413696,0.20519305765628815,-0.027108976617455482,0.9054758548736572,0.15138956904411316,-0.07432374358177185,0.9130024909973145,0.2795546054840088,-0.06977293640375137,0.9150333404541016,0.37492889165878296,-0.053894225507974625,0.9564676284790039,0.2153736799955368,-0.0346800796687603,0.9493427276611328,0.1639997512102127,-0.0705084577202797,0.9463667869567871,0.25863105058670044,-0.06543373316526413,0.9440520405769348,0.3337628245353699,-0.05186493322253227,A
0.9091969728469849,0.4958993196487427,-5.659939006363857e-07,0.8422674536705017,0.46854662895202637,-0.0441550575196743,0.7766003608703613,0.3840549886226654,-0.0704331323504448,0.753240168094635,0.2823628783226013,-0.09249481558799744,0.7744913101196289,0.1947191059589386,-0.10793858766555786,0.8094914555549622,0.21338212490081787,-0.03245145082473755,0.8106665015220642,0.18076232075691223,-0.07065580785274506,0.8316687345504761,0.2786392867565155,-0.09168390929698944,0.8474639654159546,0.36434486508369446,-0.10084863007068634,0.8619753122329712,0.18658040463924408,-0.02758767269551754,0.8609511852264404,0.15428602695465088,-0.07044219225645065,0.8772345185279846,0.276531457901001,-0.08526547998189926,0.8848412036895752,0.36982661485671997,-0.08610352873802185,0.9123074412345886,0.18287093937397003,-0.02888643927872181,0.9107036590576172,0.1547989845275879,-0.07368571311235428,0.9170266389846802,0.2741706371307373,-0.07047537714242935,0.9169363975524902,0.3619597554206848,-0.05672144517302513,0.9590194225311279,0.19855476915836334,-0.033771686255931854,0.9541038274765015,0.16212047636508942,-0.06841247528791428,0.9503396153450012,0.25421637296676636,-0.06472959369421005,0.9474851489067078,0.3256186842918396,-0.05265474319458008,A
0.10289882868528366,0.5231242179870605,-1.7776008220948825e-08,0.17739400267601013,0.4880882501602173,-0.016287056729197502,0.22480976581573486,0.375713050365448,-0.024911317974328995,0.2445383369922638,0.2634250521659851,-0.03443107381463051,0.23891158401966095,0.1729414463043213,-0.03980601206421852,0.21405042707920074,0.2737623155117035,-0.009396676905453205,0.21576659381389618,0.1681932508945465,-0.04041479900479317,0.20541571080684662,0.23442988097667694,-0.05557732284069061,0.2076648622751236,0.2653573453426361,-0.06319821625947952,0.16990014910697937,0.27044156193733215,-0.015772808343172073,0.17564570903778076,0.1725360006093979,-0.05149586871266365,0.16724087297916412,0.26859796047210693,-0.06216663122177124,0.16794195771217346,0.29578897356987,-0.06456397473812103,0.12442922592163086,0.2896372675895691,-0.025972573086619377,0.12612906098365784,0.20698857307434082,-0.06121346727013588,0.12353663146495819,0.29867833852767944,-0.05385473743081093,0.12195327132940292,0.32668593525886536,-0.04238517954945564,0.07946082949638367,0.3135276436805725,-0.03730866685509682,0.08168238401412964,0.2536027431488037,-0.06052205339074135,0.08700750768184662,0.3129918575286865,-0.054671760648489,0.08996205031871796,0.340077668428421,-0.04599831998348236,A
0.08631551265716553,0.5251480340957642,5.428438143439962e-08,0.1572006642818451,0.492180198431015,-0.0309207234531641,0.21483059227466583,0.3724951446056366,-0.0419316403567791,0.23739507794380188,0.2495272010564804,-0.05088504031300545,0.24058657884597778,0.14756470918655396,-0.0529165156185627,0.1964300274848938,0.22709202766418457,-0.011057349853217602,0.19994308054447174,0.13278460502624512,-0.04510599747300148,0.18901118636131287,0.23132458329200745,-0.05946120247244835,0.18413186073303223,0.2768152952194214,-0.06437455862760544,0.14998707175254822,0.21910028159618378,-0.010809157975018024,0.15259048342704773,0.13409996032714844,-0.048546455800533295,0.14636340737342834,0.26268333196640015,-0.05725844204425812,0.1446561962366104,0.29746872186660767,-0.05559792369604111,0.10110427439212799,0.22967574000358582,-0.016945602372288704,0.10558561235666275,0.1685674488544464,-0.05818502604961395,0.10696778446435928,0.2938985228538513,-0.050169438123703,0.1075434610247612,0.3257816433906555,-0.03491037338972092,0.05142970383167267,0.25291454792022705,-0.025190461426973343,0.06340977549552917,0.2183404266834259,-0.05258564278483391,0.07093159109354019,0.2969912588596344,-0.04559634253382683,0.07325975596904755,0.3200649619102478,-0.03385318070650101,A
0.9152411222457886,0.4918404817581177,-6.226927666830306e-07,0.847055971622467,0.4692881107330322,-0.04550675302743912,0.7810684442520142,0.3852035105228424,-0.07114162296056747,0.7595990896224976,0.2811843454837799,-0.09251409769058228,0.7796413898468018,0.1900893598794937,-0.10704971104860306,0.8137258887290955,0.21677733957767487,-0.03311283886432648,0.8162073493003845,0.1794029176235199,-0.07176443934440613,0.8374034762382507,0.28010979294776917,-0.09113677591085434,0.8509883880615234,0.36468490958213806,-0.09859637171030045,0.8665661811828613,0.19025951623916626,-0.027984939515590668,0.8639693856239319,0.15175823867321014,-0.0721268355846405,0.880957841873169,0.2819916903972626,-0.08498500287532806,0.8888350129127502,0.3727485239505768,-0.0834590271115303,0.9182848930358887,0.18444941937923431,-0.029247285798192024,0.9170544147491455,0.14482149481773376,-0.07616666704416275,0.9226799011230469,0.2743712365627289,-0.06893321871757507,0.9210081696510315,0.36130291223526,-0.05147724971175194,0.9664680361747742,0.19790084660053253,-0.03410628065466881,0.9632818698883057,0.15236936509609222,-0.06915481388568878,0.9576050639152527,0.24948114156723022,-0.06180436909198761,0.9508436918258667,0.3186209499835968,-0.04675060138106346,A
0.08631551265716553,0.5251480340957642,5.428438143439962e-08,0.1572006642818451,0.492180198431015,-0.0309207234531641,0.21483059227466583,0.3724951446056366,-0.0419316403567791,0.23739507794380188,0.2495272010564804,-0.05088504031300545,0.24058657884597778,0.14756470918655396,-0.0529165156185627,0.1964300274848938,0.22709202766418457,-0.011057349853217602,0.19994308054447174,0.13278460502624512,-0.04510599747300148,0.18901118636131287,0.23132458329200745,-0.05946120247244835,0.18413186073303223,0.2768152952194214,-0.06437455862760544,0.14998707175254822,0.21910028159618378,-0.010809157975018024,0.15259048342704773,0.13409996032714844,-0.048546455800533295,0.14636340737342834,0.26268333196640015,-0.05725844204425812,0.1446561962366104,0.29746872186660767,-0.05559792369604111,0.10110427439212799,0.22967574000358582,-0.016945602372288704,0.10558561235666275,0.1685674488544464,-0.05818502604961395,0.10696778446435928,0.2938985228538513,-0.050169438123703,0.1075434610247612,0.3257816433906555,-0.03491037338972092,0.05142970383167267,0.25291454792022705,-0.025190461426973343,0.06340977549552917,0.2183404266834259,-0.05258564278483391,0.07093159109354019,0.2969912588596344,-0.04559634253382683,0.07325975596904755,0.3200649619102478,-0.03385318070650101,A
0.9152411222457886,0.4918404817581177,-6.226927666830306e-07,0.847055971622467,0.4692881107330322,-0.04550675302743912,0.7810684442520142,0.3852035105228424,-0.07114162296056747,0.7595990896224976,0.2811843454837799,-0.09251409769058228,0.7796413898468018,0.1900893598794937,-0.10704971104860306,0.8137258887290955,0.21677733957767487,-0.03311283886432648,0.8162073493003845,0.1794029176235199,-0.07176443934440613,0.8374034762382507,0.28010979294776917,-0.09113677591085434,0.8509883880615234,0.36468490958213806,-0.09859637171030045,0.8665661811828613,0.19025951623916626,-0.027984939515590668,0.8639693856239319,0.15175823867321014,-0.0721268355846405,0.880957841873169,0.2819916903972626,-0.08498500287532806,0.8888350129127502,0.3727485239505768,-0.0834590271115303,0.9182848930358887,0.18444941937923431,-0.029247285798192024,0.9170544147491455,0.14482149481773376,-0.07616666704416275,0.9226799011230469,0.2743712365627289,-0.06893321871757507,0.9210081696510315,0.36130291223526,-0.05147724971175194,0.9664680361747742,0.19790084660053253,-0.03410628065466881,0.9632818698883057,0.15236936509609222,-0.06915481388568878,0.9576050639152527,0.24948114156723022,-0.06180436909198761,0.9508436918258667,0.3186209499835968,-0.04675060138106346,A
0.08153502643108368,0.5334707498550415,-5.4249472469791726e-08,0.14576323330402374,0.5058301687240601,-0.03680364042520523,0.2055300921201706,0.3805466592311859,-0.048210304230451584,0.2288789302110672,0.24868513643741608,-0.055582839995622635,0.23803432285785675,0.14741981029510498,-0.05462704226374626,0.18903090059757233,0.21982531249523163,-0.019729752093553543,0.19150438904762268,0.12606655061244965,-0.05330416560173035,0.18079568445682526,0.23359070718288422,-0.06298559159040451,0.17770376801490784,0.2781461477279663,-0.06465256959199905,0.1399378478527069,0.2132442593574524,-0.015912676230072975,0.13905900716781616,0.14187075197696686,-0.052339352667331696,0.13500428199768066,0.2744782269001007,-0.0569230355322361,0.1379358023405075,0.2893480658531189,-0.05353726074099541,0.09022121131420135,0.22523939609527588,-0.01898292824625969,0.09085334837436676,0.1747429370880127,-0.061668410897254944,0.09479805827140808,0.3026607036590576,-0.052341192960739136,0.09891340881586075,0.31719526648521423,-0.037061478942632675,0.04049798846244812,0.24676631391048431,-0.02444169856607914,0.0491403192281723,0.2226901352405548,-0.054378654807806015,0.05672010779380798,0.306377649307251,-0.04819360375404358,0.05869379639625549,0.31985825300216675,-0.037077728658914566,A
0.9411582946777344,0.509160041809082,-5.330929866431688e-07,0.8677226901054382,0.4901607632637024,-0.05341331288218498,0.7915300726890564,0.4022539258003235,-0.08070369064807892,0.7642930150032043,0.28372231125831604,-0.10108265280723572,0.786140501499176,0.1859871745109558,-0.1127663105726242,0.8136572241783142,0.2076752483844757,-0.04174453392624855,0.8206747770309448,0.16982519626617432,-0.08169635385274887,0.8440537452697754,0.2780979871749878,-0.09862326830625534,0.8584443926811218,0.36179277300834656,-0.1042013168334961,0.8683539628982544,0.17633484303951263,-0.032235994935035706,0.8727235198020935,0.1389511376619339,-0.07839950174093246,0.8894489407539368,0.27676916122436523,-0.08823398500680923,0.8978399634361267,0.36213603615760803,-0.08377722650766373,0.9217866063117981,0.17195215821266174,-0.029629550874233246,0.9263973832130432,0.13783571124076843,-0.07883380353450775,0.9298392534255981,0.2715763449668884,-0.06929698586463928,0.9267950654029846,0.35354501008987427,-0.049479685723781586,0.9724892973899841,0.18992404639720917,-0.031076911836862564,0.9703248143196106,0.14847254753112793,-0.0671302005648613,0.9637187719345093,0.24786806106567383,-0.05942729115486145,0.9566830992698669,0.31219473481178284,-0.04344886541366577,A
0.07513710111379623,0.5144613981246948,1.4167005346621409e-09,0.14144368469715118,0.501285970211029,-0.034188173711299896,0.2013343721628189,0.38112425804138184,-0.04587071016430855,0.22685815393924713,0.25149792432785034,-0.05427100509405136,0.23304638266563416,0.1502775400876999,-0.055784668773412704,0.1836717575788498,0.22449322044849396,-0.02056572213768959,0.18533876538276672,0.13943354785442352,-0.05513671413064003,0.17611657083034515,0.23973876237869263,-0.06752734631299973,0.1761924773454666,0.28118696808815,-0.07202217727899551,0.13335683941841125,0.21372273564338684,-0.018958423286676407,0.1332608163356781,0.14592695236206055,-0.05726231262087822,0.12863025069236755,0.2769080400466919,-0.06469190120697021,0.1328752487897873,0.2947291433811188,-0.06361893564462662,0.08276928216218948,0.2264968752861023,-0.023650018498301506,0.08307769894599915,0.17515234649181366,-0.06678252667188644,0.08662232011556625,0.2988356053829193,-0.05862734466791153,0.09137926250696182,0.314689964056015,-0.04455839470028877,0.03365045785903931,0.2487153559923172,-0.030499298125505447,0.037339165806770325,0.21822157502174377,-0.060138046741485596,0.046153098344802856,0.294942170381546,-0.05486499145627022,0.050585225224494934,0.30767542123794556,-0.04506020247936249,A
0.95283442735672,0.5016744136810303,-5.347566229829681e-07,0.8745772242546082,0.482294499874115,-0.04678764566779137,0.7971836924552917,0.3945869207382202,-0.06952293962240219,0.7677955031394958,0.28386247158050537,-0.08650517463684082,0.786182165145874,0.1923239380121231,-0.09586893767118454,0.8178044557571411,0.21015332639217377,-0.03325282409787178,0.8237742185592651,0.17745594680309296,-0.0665314570069313,0.8483096361160278,0.2758012115955353,-0.08060837537050247,0.862042248249054,0.357990026473999,-0.08545854687690735,0.874039888381958,0.17345087230205536,-0.025172943249344826,0.8780593276023865,0.14794711768627167,-0.06452854722738266,0.893962025642395,0.27507907152175903,-0.07447516173124313,0.9000915288925171,0.3598823845386505,-0.07191642373800278,0.929261326789856,0.1613691747188568,-0.023186346516013145,0.9304397702217102,0.13584604859352112,-0.06703691929578781,0.9368910789489746,0.2608737647533417,-0.05992860719561577,0.9351294636726379,0.34324193000793457,-0.043362777680158615,0.9809992909431458,0.1718783974647522,-0.024648163467645645,0.9748561382293701,0.14422613382339478,-0.05945989117026329,0.9726639986038208,0.2427007406949997,-0.05321706831455231,0.9688640236854553,0.30827316641807556,-0.038677945733070374,A
0.07513710111379623,0.5144613981246948,1.4167005346621409e-09,0.14144368469715118,0.501285970211029,-0.034188173711299896,0.2013343721628189,0.38112425804138184,-0.04587071016430855,0.22685815393924713,0.25149792432785034,-0.05427100509405136,0.23304638266563416,0.1502775400876999,-0.055784668773412704,0.1836717575788498,0.22449322044849396,-0.02056572213768959,0.18533876538276672,0.13943354785442352,-0.05513671413064003,0.17611657083034515,0.23973876237869263,-0.06752734631299973,0.1761924773454666,0.28118696808815,-0.07202217727899551,0.13335683941841125,0.21372273564338684,-0.018958423286676407,0.1332608163356781,0.14592695236206055,-0.05726231262087822,0.12863025069236755,0.2769080400466919,-0.06469190120697021,0.1328752487897873,0.2947291433811188,-0.06361893564462662,0.08276928216218948,0.2264968752861023,-0.023650018498301506,0.08307769894599915,0.17515234649181366,-0.06678252667188644,0.08662232011556625,0.2988356053829193,-0.05862734466791153,0.09137926250696182,0.314689964056015,-0.04455839470028877,0.03365045785903931,0.2487153559923172,-0.030499298125505447,0.037339165806770325,0.21822157502174377,-0.060138046741485596,0.046153098344802856,0.294942170381546,-0.05486499145627022,0.050585225224494934,0.30767542123794556,-0.04506020247936249,A
0.95283442735672,0.5016744136810303,-5.347566229829681e-07,0.8745772242546082,0.482294499874115,-0.04678764566779137,0.7971836924552917,0.3945869207382202,-0.06952293962240219,0.7677955031394958,0.28386247158050537,-0.08650517463684082,0.786182165145874,0.1923239380121231,-0.09586893767118454,0.8178044557571411,0.21015332639217377,-0.03325282409787178,0.8237742185592651,0.17745594680309296,-0.0665314570069313,0.8483096361160278,0.2758012115955353,-0.08060837537050247,0.862042248249054,0.357990026473999,-0.08545854687690735,0.874039888381958,0.17345087230205536,-0.025172943249344826,0.8780593276023865,0.14794711768627167,-0.06452854722738266,0.893962025642395,0.27507907152175903,-0.07447516173124313,0.9000915288925171,0.3598823845386505,-0.07191642373800278,0.929261326789856,0.1613691747188568,-0.023186346516013145,0.9304397702217102,0.13584604859352112,-0.06703691929578781,0.9368910789489746,0.2608737647533417,-0.05992860719561577,0.9351294636726379,0.34324193000793457,-0.043362777680158615,0.9809992909431458,0.1718783974647522,-0.024648163467645645,0.9748561382293701,0.14422613382339478,-0.05945989117026329,0.9726639986038208,0.2427007406949997,-0.05321706831455231,0.9688640236854553,0.30827316641807556,-0.038677945733070374,A
0.05762776732444763,0.5261853337287903,3.425411776447618e-08,0.1278722733259201,0.519824743270874,-0.044497620314359665,0.19283334910869598,0.3899286687374115,-0.05828060209751129,0.22331595420837402,0.2547740936279297,-0.06754209101200104,0.2265450656414032,0.1509401947259903,-0.06862610578536987,0.180458664894104,0.2336830496788025,-0.009248432703316212,0.17973977327346802,0.1532721221446991,-0.04391396790742874,0.1688632071018219,0.24851524829864502,-0.058930493891239166,0.1699831634759903,0.27774134278297424,-0.06460553407669067,0.12728898227214813,0.21921703219413757,-0.001228166394867003,0.1300172507762909,0.15387062728405,-0.0344722755253315,0.12168694287538528,0.2899499535560608,-0.037337347865104675,0.13135787844657898,0.29791873693466187,-0.03175518289208412,0.07650113850831985,0.22795790433883667,-0.0026996228843927383,0.07825738936662674,0.19188673794269562,-0.0421554297208786,0.07762391120195389,0.3154142200946808,-0.029809998348355293,0.08454027771949768,0.3235262930393219,-0.012411108240485191,0.02916543185710907,0.24455386400222778,-0.008046315982937813,0.035268738865852356,0.2300294041633606,-0.03366753086447716,0.03793904185295105,0.3090594708919525,-0.024592474102973938,0.041407957673072815,0.31863436102867126,-0.011870919726788998,A
0.9862776398658752,0.4733646810054779,-5.211948632677377e-07,0.9113975167274475,0.4644368886947632,-0.049832895398139954,0.8267737627029419,0.3813806474208832,-0.07575493305921555,0.7880815863609314,0.2682916820049286,-0.09503079205751419,0.808332622051239,0.1688721776008606,-0.10548749566078186,0.8379378318786621,0.17295917868614197,-0.03734910115599632,0.829622209072113,0.1490296721458435,-0.07836790382862091,0.8600270748138428,0.25309085845947266,-0.09736723452806473,0.8802931308746338,0.3319663107395172,-0.10420849919319153,0.8929184079170227,0.1344357281923294,-0.02821430377662182,0.8884140253067017,0.12389537692070007,-0.0715380534529686,0.9116851091384888,0.2552875578403473,-0.08103219419717789,0.9226815104484558,0.3345808982849121,-0.07764546573162079,0.9489215016365051,0.12418067455291748,-0.02623622864484787,0.9432863593101501,0.11811187118291855,-0.07349380105733871,0.9537665843963623,0.24846580624580383,-0.06451553851366043,0.9551101922988892,0.32847657799720764,-0.04623951017856598,1.0029996633529663,0.13796962797641754,-0.02826431766152382,0.9915088415145874,0.1322689950466156,-0.06508582085371017,0.9888511300086975,0.2381974160671234,-0.05906368046998978,0.9860667586326599,0.30390486121177673,-0.04425790160894394,A
0.05762776732444763,0.5261853337287903,3.425411776447618e-08,0.1278722733259201,0.519824743270874,-0.044497620314359665,0.19283334910869598,0.3899286687374115,-0.05828060209751129,0.22331595420837402,0.2547740936279297,-0.06754209101200104,0.2265450656414032,0.1509401947259903,-0.06862610578536987,0.180458664894104,0.2336830496788025,-0.009248432703316212,0.17973977327346802,0.1532721221446991,-0.04391396790742874,0.1688632071018219,0.24851524829864502,-0.058930493891239166,0.1699831634759903,0.27774134278297424,-0.06460553407669067,0.12728898227214813,0.21921703219413757,-0.001228166394867003,0.1300172507762909,0.15387062728405,-0.0344722755253315,0.12168694287538528,0.2899499535560608,-0.037337347865104675,0.13135787844657898,0.29791873693466187,-0.03175518289208412,0.07650113850831985,0.22795790433883667,-0.0026996228843927383,0.07825738936662674,0.19188673794269562,-0.0421554297208786,0.07762391120195389,0.3154142200946808,-0.029809998348355293,0.08454027771949768,0.3235262930393219,-0.012411108240485191,0.02916543185710907,0.24455386400222778,-0.008046315982937813,0.035268738865852356,0.2300294041633606,-0.03366753086447716,0.03793904185295105,0.3090594708919525,-0.024592474102973938,0.041407957673072815,0.31863436102867126,-0.011870919726788998,A
0.9862776398658752,0.4733646810054779,-5.211948632677377e-07,0.9113975167274475,0.4644368886947632,-0.049832895398139954,0.8267737627029419,0.3813806474208832,-0.07575493305921555,0.7880815863609314,0.2682916820049286,-0.09503079205751419,0.808332622051239,0.1688721776008606,-0.10548749566078186,0.8379378318786621,0.17295917868614197,-0.03734910115599632,0.829622209072113,0.1490296721458435,-0.07836790382862091,0.8600270748138428,0.25309085845947266,-0.09736723452806473,0.8802931308746338,0.3319663107395172,-0.10420849919319153,0.8929184079170227,0.1344357281923294,-0.02821430377662182,0.8884140253067017,0.12389537692070007,-0.0715380534529686,0.9116851091384888,0.2552875578403473,-0.08103219419717789,0.9226815104484558,0.3345808982849121,-0.07764546573162079,0.9489215016365051,0.12418067455291748,-0.02623622864484787,0.9432863593101501,0.11811187118291855,-0.07349380105733871,0.9537665843963623,0.24846580624580383,-0.06451553851366043,0.9551101922988892,0.32847657799720764,-0.04623951017856598,1.0029996633529663,0.13796962797641754,-0.02826431766152382,0.9915088415145874,0.1322689950466156,-0.06508582085371017,0.9888511300086975,0.2381974160671234,-0.05906368046998978,0.9860667586326599,0.30390486121177673,-0.04425790160894394,A
0.05845460295677185,0.5225589275360107,-2.5506006195996633e-08,0.1336347758769989,0.5161017775535583,-0.03805378079414368,0.20106232166290283,0.37766721844673157,-0.047014396637678146,0.22537030279636383,0.2369525134563446,-0.052072923630476,0.22633063793182373,0.13676859438419342,-0.04731233790516853,0.1723816990852356,0.2179124355316162,-0.00698007782921195,0.1842765212059021,0.12973766028881073,-0.039149798452854156,0.17898336052894592,0.2450965940952301,-0.049443889409303665,0.1706879884004593,0.28251922130584717,-0.051197078078985214,0.12048759311437607,0.208633154630661,-0.0009473504615016282,0.13926926255226135,0.13592922687530518,-0.03777109459042549,0.13761892914772034,0.28572210669517517,-0.04332498461008072,0.13430821895599365,0.297382116317749,-0.038225624710321426,0.07261931896209717,0.2193402647972107,-0.0028207143768668175,0.08870144188404083,0.18028245866298676,-0.04668237641453743,0.09236814826726913,0.32064205408096313,-0.035771891474723816,0.08706852048635483,0.3299349248409271,-0.01775587908923626,0.026704370975494385,0.23521633446216583,-0.007360937539488077,0.0483735129237175,0.22995439171791077,-0.03832593932747841,0.05342935025691986,0.32062748074531555,-0.031029503792524338,0.046027056872844696,0.32624971866607666,-0.018454575911164284,A
1.007922887802124,0.452073335647583,-6.706030717396061e-07,0.9246088266372681,0.44679057598114014,-0.0371953547000885,0.8360398411750793,0.3625634014606476,-0.05465500056743622,0.7965964078903198,0.24278715252876282,-0.06958090513944626,0.8113923668861389,0.13707087934017181,-0.0775996595621109,0.8544991612434387,0.1487974226474762,-0.006483268458396196,0.8316031694412231,0.12869973480701447,-0.03968876227736473,0.8593454360961914,0.223094642162323,-0.06199948117136955,0.8839235901832581,0.3070491552352905,-0.07204306125640869,0.9045605659484863,0.10639160126447678,-0.0007836342556402087,0.8824289441108704,0.11732425540685654,-0.03586446866393089,0.9063398241996765,0.23217639327049255,-0.05080488696694374,0.924629271030426,0.3180766999721527,-0.051983803510665894,0.9563568830490112,0.0905386358499527,-0.002192378742620349,0.9329704642295837,0.10386586934328079,-0.04082448408007622,0.9471189975738525,0.22247976064682007,-0.03931480646133423,0.9589972496032715,0.31179606914520264,-0.0269919540733099,1.0105564594268799,0.09650512039661407,-0.007312997709959745,0.9802886247634888,0.10937703400850296,-0.04005918279290199,0.9818649291992188,0.2111530900001526,-0.039082691073417664,0.9892414212226868,0.28859153389930725,-0.02784983068704605,A
